,box_id,box_name,event_name,match_close,match_id,match_title,race_id,race_name,sport_title
0,b1041621639,,Cena 1 barel ropa Brent v USD dne 19.4.2022 v 15:00 SEČ (vyhodnocení podle kurzy.cz),2022-04-05T15:00:00.000+02:00,95954,Ceny komodit a devizové kurzy,4457294,Ceny komodit a devizové kurzy,Finance
1,b1041571136,,Cena 1 oz zlata v USD dne 19.4.2022 v 15:00 SEČ (vyhodnocení podle kurzy.cz),2022-04-05T15:00:00.000+02:00,95954,Ceny komodit a devizové kurzy,4457294,Ceny komodit a devizové kurzy,Finance
2,b1041571137,,Kurz 1 Bitcoin v USD dne 3.5.2022 v 15:00 SEČ (vyhodnocení podle kurzy.cz),2022-04-05T15:00:00.000+02:00,95954,Ceny komodit a devizové kurzy,4457294,Ceny komodit a devizové kurzy,Finance
3,b1041571138,,Kurz devizového trhu 1 EUR podle ČNB pro den 3.5.2022,2022-04-05T15:00:00.000+02:00,95954,Ceny komodit a devizové kurzy,4457294,Ceny komodit a devizové kurzy,Finance
4,b1036288405,,Vítěz,2022-04-10T07:00:00.000+02:00,94393,Francouzské prezidentské volby 2022,4316624,Francouzské prezidentské volby 2022 - celkově,Politika
5,b1041464814,Macron Emmanuel,Vítěz Ano/Ne,2022-04-10T07:00:00.000+02:00,94393,Francouzské prezidentské volby 2022,4316624,Francouzské prezidentské volby 2022 - celkově,Politika
6,b1041049694,Macron Emmanuel,Vítěz Ano/Ne,2022-04-10T20:00:00.000+02:00,94393,Francouzské prezidentské volby 2022,4316623,Francouzské prezidentské volby 2022 - 1.kolo,Politika
7,b1041049695,Le Pen Marine,Vítěz Ano/Ne,2022-04-10T20:00:00.000+02:00,94393,Francouzské prezidentské volby 2022,4316623,Francouzské prezidentské volby 2022 - 1.kolo,Politika
8,b1041049696,Mélenchon Jean-Luc,Vítěz Ano/Ne,2022-04-10T20:00:00.000+02:00,94393,Francouzské prezidentské volby 2022,4316623,Francouzské prezidentské volby 2022 - 1.kolo,Politika
9,b1041049697,Zemmour Éric,Vítěz Ano/Ne,2022-04-10T20:00:00.000+02:00,94393,Francouzské prezidentské volby 2022,4316623,Francouzské prezidentské volby 2022 - 1.kolo,Politika
10,b1041049698,Pécresse Valérie,Vítěz Ano/Ne,2022-04-10T20:00:00.000+02:00,94393,Francouzské prezidentské volby 2022,4316623,Francouzské prezidentské volby 2022 - 1.kolo,Politika
11,b1041049699,Jadot Yannick,Vítěz Ano/Ne,2022-04-10T20:00:00.000+02:00,94393,Francouzské prezidentské volby 2022,4316623,Francouzské prezidentské volby 2022 - 1.kolo,Politika
12,b1041049700,Roussel Fabien,Vítěz Ano/Ne,2022-04-10T20:00:00.000+02:00,94393,Francouzské prezidentské volby 2022,4316623,Francouzské prezidentské volby 2022 - 1.kolo,Politika
13,b1041049701,Lassalle Jean,Vítěz Ano/Ne,2022-04-10T20:00:00.000+02:00,94393,Francouzské prezidentské volby 2022,4316623,Francouzské prezidentské volby 2022 - 1.kolo,Politika
14,b1041049702,Hidalgo Anne,Vítěz Ano/Ne,2022-04-10T20:00:00.000+02:00,94393,Francouzské prezidentské volby 2022,4316623,Francouzské prezidentské volby 2022 - 1.kolo,Politika
15,b1041049703,Arthaud Nathalie,Vítěz Ano/Ne,2022-04-10T20:00:00.000+02:00,94393,Francouzské prezidentské volby 2022,4316623,Francouzské prezidentské volby 2022 - 1.kolo,Politika
16,b1041049704,Dupont-Aignan Nicolas,Vítěz Ano/Ne,2022-04-10T20:00:00.000+02:00,94393,Francouzské prezidentské volby 2022,4316623,Francouzské prezidentské volby 2022 - 1.kolo,Politika
17,b1041049705,Poutou Philippe,Vítěz Ano/Ne,2022-04-10T20:00:00.000+02:00,94393,Francouzské prezidentské volby 2022,4316623,Francouzské prezidentské volby 2022 - 1.kolo,Politika
18,b1041049706,Macron Emmanuel,Umístění do 2. místa Ano/Ne,2022-04-10T20:00:00.000+02:00,94393,Francouzské prezidentské volby 2022,4316623,Francouzské prezidentské volby 2022 - 1.kolo,Politika
19,b1041049707,Le Pen Marine,Umístění do 2. místa Ano/Ne,2022-04-10T20:00:00.000+02:00,94393,Francouzské prezidentské volby 2022,4316623,Francouzské prezidentské volby 2022 - 1.kolo,Politika
20,b1041049708,Mélenchon Jean-Luc,Umístění do 2. místa Ano/Ne,2022-04-10T20:00:00.000+02:00,94393,Francouzské prezidentské volby 2022,4316623,Francouzské prezidentské volby 2022 - 1.kolo,Politika
21,b1041049709,Zemmour Éric,Umístění do 2. místa Ano/Ne,2022-04-10T20:00:00.000+02:00,94393,Francouzské prezidentské volby 2022,4316623,Francouzské prezidentské volby 2022 - 1.kolo,Politika
22,b1041049710,Pécresse Valérie,Umístění do 2. místa Ano/Ne,2022-04-10T20:00:00.000+02:00,94393,Francouzské prezidentské volby 2022,4316623,Francouzské prezidentské volby 2022 - 1.kolo,Politika
23,b1041049711,Jadot Yannick,Umístění do 2. místa Ano/Ne,2022-04-10T20:00:00.000+02:00,94393,Francouzské prezidentské volby 2022,4316623,Francouzské prezidentské volby 2022 - 1.kolo,Politika
24,b1041049712,Roussel Fabien,Umístění do 2. místa Ano/Ne,2022-04-10T20:00:00.000+02:00,94393,Francouzské prezidentské volby 2022,4316623,Francouzské prezidentské volby 2022 - 1.kolo,Politika
25,b1041049713,Lassalle Jean,Umístění do 2. místa Ano/Ne,2022-04-10T20:00:00.000+02:00,94393,Francouzské prezidentské volby 2022,4316623,Francouzské prezidentské volby 2022 - 1.kolo,Politika
26,b1041049714,Hidalgo Anne,Umístění do 2. místa Ano/Ne,2022-04-10T20:00:00.000+02:00,94393,Francouzské prezidentské volby 2022,4316623,Francouzské prezidentské volby 2022 - 1.kolo,Politika
27,b1041049715,Arthaud Nathalie,Umístění do 2. místa Ano/Ne,2022-04-10T20:00:00.000+02:00,94393,Francouzské prezidentské volby 2022,4316623,Francouzské prezidentské volby 2022 - 1.kolo,Politika
28,b1041049716,Dupont-Aignan Nicolas,Umístění do 2. místa Ano/Ne,2022-04-10T20:00:00.000+02:00,94393,Francouzské prezidentské volby 2022,4316623,Francouzské prezidentské volby 2022 - 1.kolo,Politika
29,b1041049717,Poutou Philippe,Umístění do 2. místa Ano/Ne,2022-04-10T20:00:00.000+02:00,94393,Francouzské prezidentské volby 2022,4316623,Francouzské prezidentské volby 2022 - 1.kolo,Politika
30,b1041048994,Fidesz-KDNP x EM,Kdo získá více hlasů,2022-04-03T07:00:00.000+02:00,95447,Maďarské parlamentní volby 2022,4396370,Maďarské parlamentní volby 2022,Politika
31,b1041048995,"Fidesz-KDNP, 132.5",Počet získaných mandátů,2022-04-03T07:00:00.000+02:00,95447,Maďarské parlamentní volby 2022,4396370,Maďarské parlamentní volby 2022,Politika
32,b1041048996,,Nejvíce mandátů získá,2022-04-03T07:00:00.000+02:00,95447,Maďarské parlamentní volby 2022,4396370,Maďarské parlamentní volby 2022,Politika
33,b1025356752,,Jan Lipavský bude 31.12.2022 ministr zahraničních věcí vlády ČR s důvěrou PS,2022-04-17T23:00:00.000+02:00,75144,Politické sázky na rok 2022,2863191,Politické události v roce 2022,Politika
34,b1025356753,,Jozef Síkela bude 31.12.2022 ministr průmyslu a obchodu vlády ČR s důvěrou PS,2022-04-17T23:00:00.000+02:00,75144,Politické sázky na rok 2022,2863191,Politické události v roce 2022,Politika
35,b1025356754,,Pavel Blažek bude 31.12.2022 ministr spravedlnosti vlády ČR s důvěrou PS,2022-04-17T23:00:00.000+02:00,75144,Politické sázky na rok 2022,2863191,Politické události v roce 2022,Politika
36,b1025356755,,Petr Gazdík bude 31.12.2022 ministr školství vlády ČR s důvěrou PS,2022-04-17T23:00:00.000+02:00,75144,Politické sázky na rok 2022,2863191,Politické události v roce 2022,Politika
37,b1025356757,,Vlastimil Válek bude 31.12.2022 ministr zdravotnictví vlády ČR s důvěrou PS,2022-04-17T23:00:00.000+02:00,75144,Politické sázky na rok 2022,2863191,Politické události v roce 2022,Politika
38,b1013277721,,Vítěz,2022-05-01T23:00:00.000+02:00,75501,3.přímá volba prezidenta ČR,2878450,3.přímá volba prezidenta ČR,Politika
39,b1039388654,,Maximální denní teplota ve stupních C podle chmi.cz bude 15.4.2022 8:00 – 16.4.2022 8:00 SELČ na met. stanici Praha-Ruzyně,2022-04-01T23:00:00.000+02:00,94653,Počasí v ČR 2022,4337194,Maximální denní teplota ve stupních C,Společenské sázky
40,b1040973988,,Vítěz,2022-03-29T22:00:00.000+02:00,96119,Trenér fotbalové reprezentace ČR,4478490,"Hlavní trenér české fotbalové reprezentace ""A tým"" 1.9.2022",Sportovní sázky
41,b1036311682,,Vítěz,2022-04-03T20:30:00.000+02:00,95436,Slovensko - Let’s Dance 7,4394774,Slovensko - Let’s Dance 7 - vítězná celebrita,Zábava
42,b1042157720,"EM, 132.5",Počet získaných mandátů,2022-04-03T07:00:00.000+02:00,95447,Maďarské parlamentní volby 2022,4396370,Maďarské parlamentní volby 2022,Politika
43,b1042199499,,Maximální denní teplota ve stupních C podle chmi.cz bude 1.5.2022 8:00 – 2.5.2022 8:00 SELČ na met. stanici Praha-Ruzyně,2022-04-15T23:00:00.000+02:00,94653,Počasí v ČR 2022,4337194,Maximální denní teplota ve stupních C,Společenské sázky
44,b1042950297,,Cena 1 barel ropa Brent v USD dne 26.4.2022 v 15:00 SEČ (vyhodnocení podle kurzy.cz),2022-04-12T15:00:00.000+02:00,95954,Ceny komodit a devizové kurzy,4457294,Ceny komodit a devizové kurzy,Finance
45,b1042950298,,Cena 1 oz zlata v USD dne 26.4.2022 v 15:00 SEČ (vyhodnocení podle kurzy.cz),2022-04-12T15:00:00.000+02:00,95954,Ceny komodit a devizové kurzy,4457294,Ceny komodit a devizové kurzy,Finance
46,b1042950299,,Kurz 1 Bitcoin v USD dne 10.5.2022 v 15:00 SEČ (vyhodnocení podle kurzy.cz),2022-04-12T15:00:00.000+02:00,95954,Ceny komodit a devizové kurzy,4457294,Ceny komodit a devizové kurzy,Finance
47,b1042950350,,Kurz devizového trhu 1 EUR podle ČNB pro den 10.5.2022,2022-04-12T15:00:00.000+02:00,95954,Ceny komodit a devizové kurzy,4457294,Ceny komodit a devizové kurzy,Finance
48,b1042999563,Macron Emmanuel,Umístění do 3. místa Ano/Ne,2022-04-10T20:00:00.000+02:00,94393,Francouzské prezidentské volby 2022,4316623,Francouzské prezidentské volby 2022 - 1.kolo,Politika
49,b1042999564,Le Pen Marine,Umístění do 3. místa Ano/Ne,2022-04-10T20:00:00.000+02:00,94393,Francouzské prezidentské volby 2022,4316623,Francouzské prezidentské volby 2022 - 1.kolo,Politika
50,b1042999565,Mélenchon Jean-Luc,Umístění do 3. místa Ano/Ne,2022-04-10T20:00:00.000+02:00,94393,Francouzské prezidentské volby 2022,4316623,Francouzské prezidentské volby 2022 - 1.kolo,Politika
51,b1042999566,Zemmour Éric,Umístění do 3. místa Ano/Ne,2022-04-10T20:00:00.000+02:00,94393,Francouzské prezidentské volby 2022,4316623,Francouzské prezidentské volby 2022 - 1.kolo,Politika
52,b1042999567,Pécresse Valérie,Umístění do 3. místa Ano/Ne,2022-04-10T20:00:00.000+02:00,94393,Francouzské prezidentské volby 2022,4316623,Francouzské prezidentské volby 2022 - 1.kolo,Politika
53,b1042999568,Jadot Yannick,Umístění do 3. místa Ano/Ne,2022-04-10T20:00:00.000+02:00,94393,Francouzské prezidentské volby 2022,4316623,Francouzské prezidentské volby 2022 - 1.kolo,Politika
54,b1042999569,Lassalle Jean,Umístění do 3. místa Ano/Ne,2022-04-10T20:00:00.000+02:00,94393,Francouzské prezidentské volby 2022,4316623,Francouzské prezidentské volby 2022 - 1.kolo,Politika
55,b1042999570,Roussel Fabien,Umístění do 3. místa Ano/Ne,2022-04-10T20:00:00.000+02:00,94393,Francouzské prezidentské volby 2022,4316623,Francouzské prezidentské volby 2022 - 1.kolo,Politika
56,b1042999571,Dupont-Aignan Nicolas,Umístění do 3. místa Ano/Ne,2022-04-10T20:00:00.000+02:00,94393,Francouzské prezidentské volby 2022,4316623,Francouzské prezidentské volby 2022 - 1.kolo,Politika
57,b1042999572,Hidalgo Anne,Umístění do 3. místa Ano/Ne,2022-04-10T20:00:00.000+02:00,94393,Francouzské prezidentské volby 2022,4316623,Francouzské prezidentské volby 2022 - 1.kolo,Politika
58,b1042999573,Poutou Philippe,Umístění do 3. místa Ano/Ne,2022-04-10T20:00:00.000+02:00,94393,Francouzské prezidentské volby 2022,4316623,Francouzské prezidentské volby 2022 - 1.kolo,Politika
59,b1042999574,Arthaud Nathalie,Umístění do 3. místa Ano/Ne,2022-04-10T20:00:00.000+02:00,94393,Francouzské prezidentské volby 2022,4316623,Francouzské prezidentské volby 2022 - 1.kolo,Politika
60,b1042999575,Macron Emmanuel,Umístění do 4. místa Ano/Ne,2022-04-10T20:00:00.000+02:00,94393,Francouzské prezidentské volby 2022,4316623,Francouzské prezidentské volby 2022 - 1.kolo,Politika
61,b1042999576,Le Pen Marine,Umístění do 4. místa Ano/Ne,2022-04-10T20:00:00.000+02:00,94393,Francouzské prezidentské volby 2022,4316623,Francouzské prezidentské volby 2022 - 1.kolo,Politika
62,b1042999577,Mélenchon Jean-Luc,Umístění do 4. místa Ano/Ne,2022-04-10T20:00:00.000+02:00,94393,Francouzské prezidentské volby 2022,4316623,Francouzské prezidentské volby 2022 - 1.kolo,Politika
63,b1042999578,Zemmour Éric,Umístění do 4. místa Ano/Ne,2022-04-10T20:00:00.000+02:00,94393,Francouzské prezidentské volby 2022,4316623,Francouzské prezidentské volby 2022 - 1.kolo,Politika
64,b1042999579,Pécresse Valérie,Umístění do 4. místa Ano/Ne,2022-04-10T20:00:00.000+02:00,94393,Francouzské prezidentské volby 2022,4316623,Francouzské prezidentské volby 2022 - 1.kolo,Politika
65,b1042999580,Jadot Yannick,Umístění do 4. místa Ano/Ne,2022-04-10T20:00:00.000+02:00,94393,Francouzské prezidentské volby 2022,4316623,Francouzské prezidentské volby 2022 - 1.kolo,Politika
66,b1042999581,Lassalle Jean,Umístění do 4. místa Ano/Ne,2022-04-10T20:00:00.000+02:00,94393,Francouzské prezidentské volby 2022,4316623,Francouzské prezidentské volby 2022 - 1.kolo,Politika
67,b1042999582,Roussel Fabien,Umístění do 4. místa Ano/Ne,2022-04-10T20:00:00.000+02:00,94393,Francouzské prezidentské volby 2022,4316623,Francouzské prezidentské volby 2022 - 1.kolo,Politika
68,b1042999583,Dupont-Aignan Nicolas,Umístění do 4. místa Ano/Ne,2022-04-10T20:00:00.000+02:00,94393,Francouzské prezidentské volby 2022,4316623,Francouzské prezidentské volby 2022 - 1.kolo,Politika
69,b1042999584,Hidalgo Anne,Umístění do 4. místa Ano/Ne,2022-04-10T20:00:00.000+02:00,94393,Francouzské prezidentské volby 2022,4316623,Francouzské prezidentské volby 2022 - 1.kolo,Politika
70,b1042999585,Poutou Philippe,Umístění do 4. místa Ano/Ne,2022-04-10T20:00:00.000+02:00,94393,Francouzské prezidentské volby 2022,4316623,Francouzské prezidentské volby 2022 - 1.kolo,Politika
71,b1042999586,Arthaud Nathalie,Umístění do 4. místa Ano/Ne,2022-04-10T20:00:00.000+02:00,94393,Francouzské prezidentské volby 2022,4316623,Francouzské prezidentské volby 2022 - 1.kolo,Politika
72,b1042950784,Česko,Umístění do 10. místa Ano/Ne,2022-05-12T21:00:00.000+02:00,95437,Eurovision Song Contest 2022,4394907,Eurovision Song Contest 2022 - Semifinále 2,Zábava
73,b1042945953,,Vítěz,2022-05-14T21:00:00.000+02:00,95437,Eurovision Song Contest 2022,4394908,Eurovision Song Contest 2022 - celkově,Zábava
74,b1043145067,,Volební účast v procentech,2022-04-10T08:00:00.000+02:00,94393,Francouzské prezidentské volby 2022,4316623,Francouzské prezidentské volby 2022 - 1.kolo,Politika
75,b1043240253,,Kurz 1 Bitcoin v USD dne 10.5.2022 v 15:00 SEČ (vyhodnocení podle kurzy.cz),2022-04-12T15:00:00.000+02:00,95954,Ceny komodit a devizové kurzy,4457294,Ceny komodit a devizové kurzy,Finance
76,b1043452282,,Volební účast v procentech,2022-04-10T08:00:00.000+02:00,94393,Francouzské prezidentské volby 2022,4316623,Francouzské prezidentské volby 2022 - 1.kolo,Politika
77,b1043452283,"Jadot Yannick, 4.99%",Počet hlasů v procentech,2022-04-10T08:00:00.000+02:00,94393,Francouzské prezidentské volby 2022,4316623,Francouzské prezidentské volby 2022 - 1.kolo,Politika
78,b1043452284,"Le Pen Marine, 22.79%",Počet hlasů v procentech,2022-04-10T08:00:00.000+02:00,94393,Francouzské prezidentské volby 2022,4316623,Francouzské prezidentské volby 2022 - 1.kolo,Politika
79,b1043452285,"Macron Emmanuel, 26.33%",Počet hlasů v procentech,2022-04-10T08:00:00.000+02:00,94393,Francouzské prezidentské volby 2022,4316623,Francouzské prezidentské volby 2022 - 1.kolo,Politika
80,b1043452286,"Mélenchon Jean-Luc, 17.11%",Počet hlasů v procentech,2022-04-10T08:00:00.000+02:00,94393,Francouzské prezidentské volby 2022,4316623,Francouzské prezidentské volby 2022 - 1.kolo,Politika
81,b1043452287,"Pécresse Valérie, 8.51%",Počet hlasů v procentech,2022-04-10T08:00:00.000+02:00,94393,Francouzské prezidentské volby 2022,4316623,Francouzské prezidentské volby 2022 - 1.kolo,Politika
82,b1043452288,"Zemmour Éric, 9.13%",Počet hlasů v procentech,2022-04-10T08:00:00.000+02:00,94393,Francouzské prezidentské volby 2022,4316623,Francouzské prezidentské volby 2022 - 1.kolo,Politika
83,b1043755125,,Volební účast v procentech,2022-04-10T08:00:00.000+02:00,94393,Francouzské prezidentské volby 2022,4316623,Francouzské prezidentské volby 2022 - 1.kolo,Politika
84,b1043755126,,Volební účast v procentech,2022-04-10T08:00:00.000+02:00,94393,Francouzské prezidentské volby 2022,4316623,Francouzské prezidentské volby 2022 - 1.kolo,Politika
85,b1043755127,,Volební účast v procentech,2022-04-10T08:00:00.000+02:00,94393,Francouzské prezidentské volby 2022,4316623,Francouzské prezidentské volby 2022 - 1.kolo,Politika
86,b1043751549,Macron Emmanuel x Le Pen Marine,Kdo získá více hlasů,2022-04-10T08:00:00.000+02:00,94393,Francouzské prezidentské volby 2022,4316623,Francouzské prezidentské volby 2022 - 1.kolo,Politika
87,b1043751550,Macron Emmanuel x Mélenchon Jean-Luc,Kdo získá více hlasů,2022-04-10T08:00:00.000+02:00,94393,Francouzské prezidentské volby 2022,4316623,Francouzské prezidentské volby 2022 - 1.kolo,Politika
88,b1043751551,Macron Emmanuel x Zemmour Éric,Kdo získá více hlasů,2022-04-10T08:00:00.000+02:00,94393,Francouzské prezidentské volby 2022,4316623,Francouzské prezidentské volby 2022 - 1.kolo,Politika
89,b1043751552,Le Pen Marine x Mélenchon Jean-Luc,Kdo získá více hlasů,2022-04-10T08:00:00.000+02:00,94393,Francouzské prezidentské volby 2022,4316623,Francouzské prezidentské volby 2022 - 1.kolo,Politika
90,b1043751553,Le Pen Marine x Zemmour Éric,Kdo získá více hlasů,2022-04-10T08:00:00.000+02:00,94393,Francouzské prezidentské volby 2022,4316623,Francouzské prezidentské volby 2022 - 1.kolo,Politika
91,b1043751554,Le Pen Marine x Pécresse Valérie,Kdo získá více hlasů,2022-04-10T08:00:00.000+02:00,94393,Francouzské prezidentské volby 2022,4316623,Francouzské prezidentské volby 2022 - 1.kolo,Politika
92,b1043751555,Mélenchon Jean-Luc x Zemmour Éric,Kdo získá více hlasů,2022-04-10T08:00:00.000+02:00,94393,Francouzské prezidentské volby 2022,4316623,Francouzské prezidentské volby 2022 - 1.kolo,Politika
93,b1043751556,Mélenchon Jean-Luc x Pécresse Valérie,Kdo získá více hlasů,2022-04-10T08:00:00.000+02:00,94393,Francouzské prezidentské volby 2022,4316623,Francouzské prezidentské volby 2022 - 1.kolo,Politika
94,b1043751557,Zemmour Éric x Pécresse Valérie,Kdo získá více hlasů,2022-04-10T08:00:00.000+02:00,94393,Francouzské prezidentské volby 2022,4316623,Francouzské prezidentské volby 2022 - 1.kolo,Politika
95,b1043751558,Zemmour Éric x Jadot Yannick,Kdo získá více hlasů,2022-04-10T08:00:00.000+02:00,94393,Francouzské prezidentské volby 2022,4316623,Francouzské prezidentské volby 2022 - 1.kolo,Politika
96,b1043751559,Pécresse Valérie x Jadot Yannick,Kdo získá více hlasů,2022-04-10T08:00:00.000+02:00,94393,Francouzské prezidentské volby 2022,4316623,Francouzské prezidentské volby 2022 - 1.kolo,Politika
97,b1043751560,Pécresse Valérie x Roussel Fabien,Kdo získá více hlasů,2022-04-10T08:00:00.000+02:00,94393,Francouzské prezidentské volby 2022,4316623,Francouzské prezidentské volby 2022 - 1.kolo,Politika
98,b1043751561,Pécresse Valérie x Lassalle Jean,Kdo získá více hlasů,2022-04-10T08:00:00.000+02:00,94393,Francouzské prezidentské volby 2022,4316623,Francouzské prezidentské volby 2022 - 1.kolo,Politika
99,b1043751562,Jadot Yannick x Roussel Fabien,Kdo získá více hlasů,2022-04-10T08:00:00.000+02:00,94393,Francouzské prezidentské volby 2022,4316623,Francouzské prezidentské volby 2022 - 1.kolo,Politika
100,b1043751563,Jadot Yannick x Lassalle Jean,Kdo získá více hlasů,2022-04-10T08:00:00.000+02:00,94393,Francouzské prezidentské volby 2022,4316623,Francouzské prezidentské volby 2022 - 1.kolo,Politika
101,b1043751564,Roussel Fabien x Lassalle Jean,Kdo získá více hlasů,2022-04-10T08:00:00.000+02:00,94393,Francouzské prezidentské volby 2022,4316623,Francouzské prezidentské volby 2022 - 1.kolo,Politika
102,b1043831752,"Le Pen Marine, 23.41%",Počet hlasů v procentech,2022-04-10T08:00:00.000+02:00,94393,Francouzské prezidentské volby 2022,4316623,Francouzské prezidentské volby 2022 - 1.kolo,Politika
103,b1043831753,"Le Pen Marine, 24.01%",Počet hlasů v procentech,2022-04-10T08:00:00.000+02:00,94393,Francouzské prezidentské volby 2022,4316623,Francouzské prezidentské volby 2022 - 1.kolo,Politika
104,b1043831754,"Macron Emmanuel, 25.77%",Počet hlasů v procentech,2022-04-10T08:00:00.000+02:00,94393,Francouzské prezidentské volby 2022,4316623,Francouzské prezidentské volby 2022 - 1.kolo,Politika
105,b1043831755,"Macron Emmanuel, 27.01%",Počet hlasů v procentech,2022-04-10T08:00:00.000+02:00,94393,Francouzské prezidentské volby 2022,4316623,Francouzské prezidentské volby 2022 - 1.kolo,Politika
106,b1043831756,"Mélenchon Jean-Luc, 17.72%",Počet hlasů v procentech,2022-04-10T08:00:00.000+02:00,94393,Francouzské prezidentské volby 2022,4316623,Francouzské prezidentské volby 2022 - 1.kolo,Politika
107,b1043831757,"Mélenchon Jean-Luc, 18.24%",Počet hlasů v procentech,2022-04-10T08:00:00.000+02:00,94393,Francouzské prezidentské volby 2022,4316623,Francouzské prezidentské volby 2022 - 1.kolo,Politika
108,b1043831758,"Zemmour Éric, 8.52%",Počet hlasů v procentech,2022-04-10T08:00:00.000+02:00,94393,Francouzské prezidentské volby 2022,4316623,Francouzské prezidentské volby 2022 - 1.kolo,Politika
109,b1043831759,"Zemmour Éric, 10.01%",Počet hlasů v procentech,2022-04-10T08:00:00.000+02:00,94393,Francouzské prezidentské volby 2022,4316623,Francouzské prezidentské volby 2022 - 1.kolo,Politika
110,b1044132343,,Cena 1 barel ropa Brent v USD dne 26.4.2022 v 15:00 SEČ (vyhodnocení podle kurzy.cz),2022-04-12T15:00:00.000+02:00,95954,Ceny komodit a devizové kurzy,4457294,Ceny komodit a devizové kurzy,Finance
111,b1044131998,,Cena 1 oz zlata v USD dne 26.4.2022 v 15:00 SEČ (vyhodnocení podle kurzy.cz),2022-04-12T15:00:00.000+02:00,95954,Ceny komodit a devizové kurzy,4457294,Ceny komodit a devizové kurzy,Finance
112,b1044112398,,Kurz 1 Bitcoin v USD dne 10.5.2022 v 15:00 SEČ (vyhodnocení podle kurzy.cz),2022-04-12T15:00:00.000+02:00,95954,Ceny komodit a devizové kurzy,4457294,Ceny komodit a devizové kurzy,Finance
113,b1044247436,,Cena 1 barel ropa Brent v USD dne 3.5.2022 v 15:00 SEČ (vyhodnocení podle kurzy.cz),2022-04-19T15:00:00.000+02:00,95954,Ceny komodit a devizové kurzy,4457294,Ceny komodit a devizové kurzy,Finance
114,b1044247437,,Cena 1 oz zlata v USD dne 3.5.2022 v 15:00 SEČ (vyhodnocení podle kurzy.cz),2022-04-19T15:00:00.000+02:00,95954,Ceny komodit a devizové kurzy,4457294,Ceny komodit a devizové kurzy,Finance
115,b1044247438,,Kurz 1 Bitcoin v USD dne 17.5.2022 v 15:00 SEČ (vyhodnocení podle kurzy.cz),2022-04-19T15:00:00.000+02:00,95954,Ceny komodit a devizové kurzy,4457294,Ceny komodit a devizové kurzy,Finance
116,b1044247439,,Kurz devizového trhu 1 EUR podle ČNB pro den 17.5.2022,2022-04-19T15:00:00.000+02:00,95954,Ceny komodit a devizové kurzy,4457294,Ceny komodit a devizové kurzy,Finance
117,b1044412781,,Cena 1 barel ropa Brent v USD dne 3.5.2022 v 15:00 SEČ (vyhodnocení podle kurzy.cz),2022-04-19T15:00:00.000+02:00,95954,Ceny komodit a devizové kurzy,4457294,Ceny komodit a devizové kurzy,Finance
118,b1044412964,,Cena 1 oz zlata v USD dne 3.5.2022 v 15:00 SEČ (vyhodnocení podle kurzy.cz),2022-04-19T15:00:00.000+02:00,95954,Ceny komodit a devizové kurzy,4457294,Ceny komodit a devizové kurzy,Finance
119,b1045125799,,Maximální denní teplota ve stupních C podle chmi.cz bude 15.5.2022 8:00 – 16.5.2022 8:00 SELČ na met. stanici Praha-Ruzyně,2022-05-01T23:00:00.000+02:00,94653,Počasí v ČR 2022,4337194,Maximální denní teplota ve stupních C,Společenské sázky
120,b1045315238,,Umístění do 3. místa,2022-04-24T20:30:00.000+02:00,95436,Slovensko - Let’s Dance 7,4394774,Slovensko - Let’s Dance 7 - vítězná celebrita,Zábava
121,b1045449530,,Cena 1 barel ropa Brent v USD dne 24.5.2022 v 15:00 SEČ (vyhodnocení podle kurzy.cz),2022-04-28T15:00:00.000+02:00,95954,Ceny komodit a devizové kurzy,4457294,Ceny komodit a devizové kurzy,Finance
122,b1045449531,,Cena 1 oz zlata v USD dne 24.5.2022 v 15:00 SEČ (vyhodnocení podle kurzy.cz),2022-04-28T15:00:00.000+02:00,95954,Ceny komodit a devizové kurzy,4457294,Ceny komodit a devizové kurzy,Finance
123,b1045449532,,Kurz 1 Bitcoin v USD dne 24.5.2022 v 15:00 SEČ (vyhodnocení podle kurzy.cz),2022-04-28T15:00:00.000+02:00,95954,Ceny komodit a devizové kurzy,4457294,Ceny komodit a devizové kurzy,Finance
124,b1045449533,,Kurz devizového trhu 1 EUR podle ČNB pro den 24.5.2022,2022-04-28T15:00:00.000+02:00,95954,Ceny komodit a devizové kurzy,4457294,Ceny komodit a devizové kurzy,Finance
125,b1045564259,,Cena 1 oz zlata v USD dne 24.5.2022 v 15:00 SEČ (vyhodnocení podle kurzy.cz),2022-04-28T15:00:00.000+02:00,95954,Ceny komodit a devizové kurzy,4457294,Ceny komodit a devizové kurzy,Finance
126,b1045627621,,Volební účast v procentech ve 2. kole,2022-04-24T08:00:00.000+02:00,94393,Francouzské prezidentské volby 2022,4316624,Francouzské prezidentské volby 2022 - celkově,Politika
127,b1045627622,"Le Pen Marine, 66.11%",Počet hlasů v procentech ve 2. kole,2022-04-24T08:00:00.000+02:00,94393,Francouzské prezidentské volby 2022,4316624,Francouzské prezidentské volby 2022 - celkově,Politika
128,b1045627623,"Macron Emmanuel, 56.95%",Počet hlasů v procentech ve 2. kole,2022-04-24T08:00:00.000+02:00,94393,Francouzské prezidentské volby 2022,4316624,Francouzské prezidentské volby 2022 - celkově,Politika
129,b1045627624,"Macron Emmanuel, 66.11%",Počet hlasů v procentech ve 2. kole,2022-04-24T08:00:00.000+02:00,94393,Francouzské prezidentské volby 2022,4316624,Francouzské prezidentské volby 2022 - celkově,Politika
130,b1045950537,,Volební účast v procentech ve 2. kole,2022-04-24T08:00:00.000+02:00,94393,Francouzské prezidentské volby 2022,4316624,Francouzské prezidentské volby 2022 - celkově,Politika
131,b1045950538,,Volební účast v procentech ve 2. kole,2022-04-24T08:00:00.000+02:00,94393,Francouzské prezidentské volby 2022,4316624,Francouzské prezidentské volby 2022 - celkově,Politika
132,b1045950539,"Le Pen Marine, 55.01%",Počet hlasů v procentech ve 2. kole,2022-04-24T08:00:00.000+02:00,94393,Francouzské prezidentské volby 2022,4316624,Francouzské prezidentské volby 2022 - celkově,Politika
133,b1045950540,"Le Pen Marine, 60.01%",Počet hlasů v procentech ve 2. kole,2022-04-24T08:00:00.000+02:00,94393,Francouzské prezidentské volby 2022,4316624,Francouzské prezidentské volby 2022 - celkově,Politika
134,b1045950541,"Macron Emmanuel, 55.01%",Počet hlasů v procentech ve 2. kole,2022-04-24T08:00:00.000+02:00,94393,Francouzské prezidentské volby 2022,4316624,Francouzské prezidentské volby 2022 - celkově,Politika
135,b1045950542,"Macron Emmanuel, 60.01%",Počet hlasů v procentech ve 2. kole,2022-04-24T08:00:00.000+02:00,94393,Francouzské prezidentské volby 2022,4316624,Francouzské prezidentské volby 2022 - celkově,Politika
136,b1046032749,,Nejvíce mandátů získá,2022-04-24T07:00:00.000+02:00,95449,Slovinské parlamentní volby 2022,4396379,Slovinské parlamentní volby 2022,Politika
137,b1046957284,,Cena 1 barel ropa Brent v USD dne 31.5.2022 v 15:00 SEČ (vyhodnocení podle kurzy.cz),2022-05-03T15:00:00.000+02:00,95954,Ceny komodit a devizové kurzy,4457294,Ceny komodit a devizové kurzy,Finance
138,b1046957285,,Cena 1 oz zlata v USD dne 31.5.2022 v 15:00 SEČ (vyhodnocení podle kurzy.cz),2022-05-03T15:00:00.000+02:00,95954,Ceny komodit a devizové kurzy,4457294,Ceny komodit a devizové kurzy,Finance
139,b1046957286,,Kurz 1 Bitcoin v USD dne 31.5.2022 v 15:00 SEČ (vyhodnocení podle kurzy.cz),2022-05-03T15:00:00.000+02:00,95954,Ceny komodit a devizové kurzy,4457294,Ceny komodit a devizové kurzy,Finance
140,b1046957287,,Kurz devizového trhu 1 EUR podle ČNB pro den 31.5.2022,2022-05-03T15:00:00.000+02:00,95954,Ceny komodit a devizové kurzy,4457294,Ceny komodit a devizové kurzy,Finance
141,b1047186323,,Nejvíce mandátů získá,2022-09-11T08:00:00.000+02:00,95451,Švédské parlamentní volby 2022,4396384,Švédské parlamentní volby 2022,Politika
142,b1047451029,,Maximální denní teplota ve stupních C podle chmi.cz bude 1.6.2022 8:00 – 2.6.2022 8:00 SELČ na met. stanici Praha-Ruzyně,2022-05-15T23:00:00.000+02:00,94653,Počasí v ČR 2022,4337194,Maximální denní teplota ve stupních C,Společenské sázky
143,b1047623715,Polsko,Umístění do 10. místa Ano/Ne,2022-05-12T21:00:00.000+02:00,95437,Eurovision Song Contest 2022,4394907,Eurovision Song Contest 2022 - Semifinále 2,Zábava
144,b1047623716,Švédsko,Umístění do 10. místa Ano/Ne,2022-05-12T21:00:00.000+02:00,95437,Eurovision Song Contest 2022,4394907,Eurovision Song Contest 2022 - Semifinále 2,Zábava
145,b1047623717,Finsko,Umístění do 10. místa Ano/Ne,2022-05-12T21:00:00.000+02:00,95437,Eurovision Song Contest 2022,4394907,Eurovision Song Contest 2022 - Semifinále 2,Zábava
146,b1047623718,Austrálie,Umístění do 10. místa Ano/Ne,2022-05-12T21:00:00.000+02:00,95437,Eurovision Song Contest 2022,4394907,Eurovision Song Contest 2022 - Semifinále 2,Zábava
147,b1047623719,Estonsko,Umístění do 10. místa Ano/Ne,2022-05-12T21:00:00.000+02:00,95437,Eurovision Song Contest 2022,4394907,Eurovision Song Contest 2022 - Semifinále 2,Zábava
148,b1047623720,Belgie,Umístění do 10. místa Ano/Ne,2022-05-12T21:00:00.000+02:00,95437,Eurovision Song Contest 2022,4394907,Eurovision Song Contest 2022 - Semifinále 2,Zábava
149,b1047623721,Srbsko,Umístění do 10. místa Ano/Ne,2022-05-12T21:00:00.000+02:00,95437,Eurovision Song Contest 2022,4394907,Eurovision Song Contest 2022 - Semifinále 2,Zábava
150,b1047623722,Kypr,Umístění do 10. místa Ano/Ne,2022-05-12T21:00:00.000+02:00,95437,Eurovision Song Contest 2022,4394907,Eurovision Song Contest 2022 - Semifinále 2,Zábava
151,b1047623723,Ázerbajdžán,Umístění do 10. místa Ano/Ne,2022-05-12T21:00:00.000+02:00,95437,Eurovision Song Contest 2022,4394907,Eurovision Song Contest 2022 - Semifinále 2,Zábava
152,b1047623724,Malta,Umístění do 10. místa Ano/Ne,2022-05-12T21:00:00.000+02:00,95437,Eurovision Song Contest 2022,4394907,Eurovision Song Contest 2022 - Semifinále 2,Zábava
153,b1047623725,Rumunsko,Umístění do 10. místa Ano/Ne,2022-05-12T21:00:00.000+02:00,95437,Eurovision Song Contest 2022,4394907,Eurovision Song Contest 2022 - Semifinále 2,Zábava
154,b1047623726,San Marino,Umístění do 10. místa Ano/Ne,2022-05-12T21:00:00.000+02:00,95437,Eurovision Song Contest 2022,4394907,Eurovision Song Contest 2022 - Semifinále 2,Zábava
155,b1047623727,Gruzie,Umístění do 10. místa Ano/Ne,2022-05-12T21:00:00.000+02:00,95437,Eurovision Song Contest 2022,4394907,Eurovision Song Contest 2022 - Semifinále 2,Zábava
156,b1047623728,Černá Hora,Umístění do 10. místa Ano/Ne,2022-05-12T21:00:00.000+02:00,95437,Eurovision Song Contest 2022,4394907,Eurovision Song Contest 2022 - Semifinále 2,Zábava
157,b1047623729,Izrael,Umístění do 10. místa Ano/Ne,2022-05-12T21:00:00.000+02:00,95437,Eurovision Song Contest 2022,4394907,Eurovision Song Contest 2022 - Semifinále 2,Zábava
158,b1047623730,S.Makedonie,Umístění do 10. místa Ano/Ne,2022-05-12T21:00:00.000+02:00,95437,Eurovision Song Contest 2022,4394907,Eurovision Song Contest 2022 - Semifinále 2,Zábava
159,b1047623731,Irsko,Umístění do 10. místa Ano/Ne,2022-05-12T21:00:00.000+02:00,95437,Eurovision Song Contest 2022,4394907,Eurovision Song Contest 2022 - Semifinále 2,Zábava
160,b1047687502,Ukrajina,Umístění do 10. místa Ano/Ne,2022-05-10T21:00:00.000+02:00,95437,Eurovision Song Contest 2022,4394906,Eurovision Song Contest 2022 - Semifinále 1,Zábava
161,b1047687505,Řecko,Umístění do 10. místa Ano/Ne,2022-05-10T21:00:00.000+02:00,95437,Eurovision Song Contest 2022,4394906,Eurovision Song Contest 2022 - Semifinále 1,Zábava
162,b1047687503,Nizozemsko,Umístění do 10. místa Ano/Ne,2022-05-10T21:00:00.000+02:00,95437,Eurovision Song Contest 2022,4394906,Eurovision Song Contest 2022 - Semifinále 1,Zábava
163,b1047687504,Norsko,Umístění do 10. místa Ano/Ne,2022-05-10T21:00:00.000+02:00,95437,Eurovision Song Contest 2022,4394906,Eurovision Song Contest 2022 - Semifinále 1,Zábava
164,b1047687506,Arménie,Umístění do 10. místa Ano/Ne,2022-05-10T21:00:00.000+02:00,95437,Eurovision Song Contest 2022,4394906,Eurovision Song Contest 2022 - Semifinále 1,Zábava
165,b1047687507,Albánie,Umístění do 10. místa Ano/Ne,2022-05-10T21:00:00.000+02:00,95437,Eurovision Song Contest 2022,4394906,Eurovision Song Contest 2022 - Semifinále 1,Zábava
166,b1047687508,Portugalsko,Umístění do 10. místa Ano/Ne,2022-05-10T21:00:00.000+02:00,95437,Eurovision Song Contest 2022,4394906,Eurovision Song Contest 2022 - Semifinále 1,Zábava
167,b1047687509,Moldávie,Umístění do 10. místa Ano/Ne,2022-05-10T21:00:00.000+02:00,95437,Eurovision Song Contest 2022,4394906,Eurovision Song Contest 2022 - Semifinále 1,Zábava
168,b1047687510,Švýcarsko,Umístění do 10. místa Ano/Ne,2022-05-10T21:00:00.000+02:00,95437,Eurovision Song Contest 2022,4394906,Eurovision Song Contest 2022 - Semifinále 1,Zábava
169,b1047687511,Rakousko,Umístění do 10. místa Ano/Ne,2022-05-10T21:00:00.000+02:00,95437,Eurovision Song Contest 2022,4394906,Eurovision Song Contest 2022 - Semifinále 1,Zábava
170,b1047687512,Lotyšsko,Umístění do 10. místa Ano/Ne,2022-05-10T21:00:00.000+02:00,95437,Eurovision Song Contest 2022,4394906,Eurovision Song Contest 2022 - Semifinále 1,Zábava
171,b1047687513,Litva,Umístění do 10. místa Ano/Ne,2022-05-10T21:00:00.000+02:00,95437,Eurovision Song Contest 2022,4394906,Eurovision Song Contest 2022 - Semifinále 1,Zábava
172,b1047687514,Chorvatsko,Umístění do 10. místa Ano/Ne,2022-05-10T21:00:00.000+02:00,95437,Eurovision Song Contest 2022,4394906,Eurovision Song Contest 2022 - Semifinále 1,Zábava
173,b1047687515,Island,Umístění do 10. místa Ano/Ne,2022-05-10T21:00:00.000+02:00,95437,Eurovision Song Contest 2022,4394906,Eurovision Song Contest 2022 - Semifinále 1,Zábava
174,b1047687516,Dánsko,Umístění do 10. místa Ano/Ne,2022-05-10T21:00:00.000+02:00,95437,Eurovision Song Contest 2022,4394906,Eurovision Song Contest 2022 - Semifinále 1,Zábava
175,b1047687517,Bulharsko,Umístění do 10. místa Ano/Ne,2022-05-10T21:00:00.000+02:00,95437,Eurovision Song Contest 2022,4394906,Eurovision Song Contest 2022 - Semifinále 1,Zábava
176,b1047687518,Slovinsko,Umístění do 10. místa Ano/Ne,2022-05-10T21:00:00.000+02:00,95437,Eurovision Song Contest 2022,4394906,Eurovision Song Contest 2022 - Semifinále 1,Zábava
177,b1047816421,,Cena 1 barel ropa Brent v USD dne 7.6.2022 v 15:02 SEČ (vyhodnocení podle kurzy.cz),2022-05-10T15:00:00.000+02:00,95954,Ceny komodit a devizové kurzy,4457294,Ceny komodit a devizové kurzy,Finance
178,b1047816422,,Cena 1 oz zlata v USD dne 7.6.2022 v 15:02 SEČ (vyhodnocení podle kurzy.cz),2022-05-10T15:00:00.000+02:00,95954,Ceny komodit a devizové kurzy,4457294,Ceny komodit a devizové kurzy,Finance
179,b1047816423,,Kurz 1 Bitcoin v USD dne 7.6.2022 v 15:02 SEČ (vyhodnocení podle kurzy.cz),2022-05-10T15:00:00.000+02:00,95954,Ceny komodit a devizové kurzy,4457294,Ceny komodit a devizové kurzy,Finance
180,b1047816424,,Kurz devizového trhu 1 EUR podle ČNB pro den 7.6.2022,2022-05-10T15:00:00.000+02:00,95954,Ceny komodit a devizové kurzy,4457294,Ceny komodit a devizové kurzy,Finance
181,b1047997873,,Cena 1 barel ropa Brent v USD dne 7.6.2022 v 15:02 SEČ (vyhodnocení podle kurzy.cz),2022-05-10T15:00:00.000+02:00,95954,Ceny komodit a devizové kurzy,4457294,Ceny komodit a devizové kurzy,Finance
182,b1048618681,,Cena 1 barel ropa Brent v USD dne 7.6.2022 v 15:02 SEČ (vyhodnocení podle kurzy.cz),2022-05-10T15:00:00.000+02:00,95954,Ceny komodit a devizové kurzy,4457294,Ceny komodit a devizové kurzy,Finance
183,b1048618497,,Kurz 1 Bitcoin v USD dne 7.6.2022 v 15:02 SEČ (vyhodnocení podle kurzy.cz),2022-05-10T15:00:00.000+02:00,95954,Ceny komodit a devizové kurzy,4457294,Ceny komodit a devizové kurzy,Finance
184,b1049038717,,Cena 1 barel ropa Brent v USD dne 14.6.2022 v 15:02 SEČ (vyhodnocení podle kurzy.cz),2022-05-17T15:00:00.000+02:00,95954,Ceny komodit a devizové kurzy,4457294,Ceny komodit a devizové kurzy,Finance
185,b1049038718,,Cena 1 oz zlata v USD dne 14.6.2022 v 15:02 SEČ (vyhodnocení podle kurzy.cz),2022-05-17T15:00:00.000+02:00,95954,Ceny komodit a devizové kurzy,4457294,Ceny komodit a devizové kurzy,Finance
186,b1049038719,,Kurz 1 Bitcoin v USD dne 14.6.2022 v 15:02 SEČ (vyhodnocení podle kurzy.cz),2022-05-17T15:00:00.000+02:00,95954,Ceny komodit a devizové kurzy,4457294,Ceny komodit a devizové kurzy,Finance
187,b1049038720,,Kurz devizového trhu 1 EUR podle ČNB pro den 14.6.2022,2022-05-17T15:00:00.000+02:00,95954,Ceny komodit a devizové kurzy,4457294,Ceny komodit a devizové kurzy,Finance
188,b1049329547,,Kurz 1 Bitcoin v USD dne 14.6.2022 v 15:02 SEČ (vyhodnocení podle kurzy.cz),2022-05-17T15:00:00.000+02:00,95954,Ceny komodit a devizové kurzy,4457294,Ceny komodit a devizové kurzy,Finance
189,b1049492841,,Nejvíce mandátů získá,2022-05-15T08:00:00.000+02:00,95442,Zemské volby v Severním Porýní-Vestfálsku 2022,4396404,Zemské volby v Severním Porýní-Vestfálsku 2022,Politika
190,b1049501704,,Umístění do 3. místa,2022-05-14T21:00:00.000+02:00,95437,Eurovision Song Contest 2022,4394908,Eurovision Song Contest 2022 - celkově,Zábava
191,b1049501705,,Umístění do 5. místa,2022-05-14T21:00:00.000+02:00,95437,Eurovision Song Contest 2022,4394908,Eurovision Song Contest 2022 - celkově,Zábava
192,b1049501706,,Umístění do 10. místa,2022-05-14T21:00:00.000+02:00,95437,Eurovision Song Contest 2022,4394908,Eurovision Song Contest 2022 - celkově,Zábava
193,b1049492181,Ukrajina,Vítěz Ano/Ne,2022-05-14T21:00:00.000+02:00,95437,Eurovision Song Contest 2022,4394908,Eurovision Song Contest 2022 - celkově,Zábava
194,b1049517762,Česko,Umístění do 15. místa Ano/Ne,2022-05-14T21:00:00.000+02:00,95437,Eurovision Song Contest 2022,4394908,Eurovision Song Contest 2022 - celkově,Zábava
195,b1049514602,Ukrajina x Švédsko,Kdo získá více hlasů,2022-05-14T21:00:00.000+02:00,95437,Eurovision Song Contest 2022,4394908,Eurovision Song Contest 2022 - celkově,Zábava
196,b1049514603,Ukrajina x Velká Británie,Kdo získá více hlasů,2022-05-14T21:00:00.000+02:00,95437,Eurovision Song Contest 2022,4394908,Eurovision Song Contest 2022 - celkově,Zábava
197,b1049514604,Ukrajina x Itálie,Kdo získá více hlasů,2022-05-14T21:00:00.000+02:00,95437,Eurovision Song Contest 2022,4394908,Eurovision Song Contest 2022 - celkově,Zábava
198,b1049514605,Švédsko x Velká Británie,Kdo získá více hlasů,2022-05-14T21:00:00.000+02:00,95437,Eurovision Song Contest 2022,4394908,Eurovision Song Contest 2022 - celkově,Zábava
199,b1049514606,Švédsko x Itálie,Kdo získá více hlasů,2022-05-14T21:00:00.000+02:00,95437,Eurovision Song Contest 2022,4394908,Eurovision Song Contest 2022 - celkově,Zábava
200,b1049514607,Švédsko x Španělsko,Kdo získá více hlasů,2022-05-14T21:00:00.000+02:00,95437,Eurovision Song Contest 2022,4394908,Eurovision Song Contest 2022 - celkově,Zábava
201,b1049514608,Velká Británie x Itálie,Kdo získá více hlasů,2022-05-14T21:00:00.000+02:00,95437,Eurovision Song Contest 2022,4394908,Eurovision Song Contest 2022 - celkově,Zábava
202,b1049514609,Velká Británie x Španělsko,Kdo získá více hlasů,2022-05-14T21:00:00.000+02:00,95437,Eurovision Song Contest 2022,4394908,Eurovision Song Contest 2022 - celkově,Zábava
203,b1049514610,Itálie x Španělsko,Kdo získá více hlasů,2022-05-14T21:00:00.000+02:00,95437,Eurovision Song Contest 2022,4394908,Eurovision Song Contest 2022 - celkově,Zábava
204,b1049514611,Polsko x Řecko,Kdo získá více hlasů,2022-05-14T21:00:00.000+02:00,95437,Eurovision Song Contest 2022,4394908,Eurovision Song Contest 2022 - celkově,Zábava
205,b1049514612,Nizozemsko x Srbsko,Kdo získá více hlasů,2022-05-14T21:00:00.000+02:00,95437,Eurovision Song Contest 2022,4394908,Eurovision Song Contest 2022 - celkově,Zábava
206,b1049514613,Česko x Finsko,Kdo získá více hlasů,2022-05-14T21:00:00.000+02:00,95437,Eurovision Song Contest 2022,4394908,Eurovision Song Contest 2022 - celkově,Zábava
207,b1049514614,Česko x Francie,Kdo získá více hlasů,2022-05-14T21:00:00.000+02:00,95437,Eurovision Song Contest 2022,4394908,Eurovision Song Contest 2022 - celkově,Zábava
208,b1049513280,,Vítězem hlasování diváků bude Ukrajina,2022-05-14T21:00:00.000+02:00,95437,Eurovision Song Contest 2022,4394908,Eurovision Song Contest 2022 - celkově,Zábava
209,b1049598885,,Cena 1 oz zlata v USD dne 14.6.2022 v 15:02 SEČ (vyhodnocení podle kurzy.cz),2022-05-17T15:00:00.000+02:00,95954,Ceny komodit a devizové kurzy,4457294,Ceny komodit a devizové kurzy,Finance
210,b1049599143,,Kurz devizového trhu 1 EUR podle ČNB pro den 14.6.2022,2022-05-17T15:00:00.000+02:00,95954,Ceny komodit a devizové kurzy,4457294,Ceny komodit a devizové kurzy,Finance
211,b1049574764,Česko,Umístění do 14. místa Ano/Ne,2022-05-14T21:00:00.000+02:00,95437,Eurovision Song Contest 2022,4394908,Eurovision Song Contest 2022 - celkově,Zábava
212,b1049957713,,Maximální denní teplota ve stupních C podle chmi.cz bude 15.6.2022 8:00 – 16.6.2022 8:00 SELČ na met. stanici Praha-Ruzyně,2022-06-01T23:00:00.000+02:00,94653,Počasí v ČR 2022,4337194,Maximální denní teplota ve stupních C,Společenské sázky
213,b1050209862,,Cena 1 barel ropa Brent v USD dne 21.6.2022 v 15:02 SEČ (vyhodnocení podle kurzy.cz),2022-05-24T15:00:00.000+02:00,95954,Ceny komodit a devizové kurzy,4457294,Ceny komodit a devizové kurzy,Finance
214,b1050209863,,Cena 1 oz zlata v USD dne 21.6.2022 v 15:02 SEČ (vyhodnocení podle kurzy.cz),2022-05-24T15:00:00.000+02:00,95954,Ceny komodit a devizové kurzy,4457294,Ceny komodit a devizové kurzy,Finance
215,b1050214952,,Kurz 1 Bitcoin v USD dne 14.6.2022 v 15:02 SEČ (vyhodnocení podle kurzy.cz),2022-05-24T15:00:00.000+02:00,95954,Ceny komodit a devizové kurzy,4457294,Ceny komodit a devizové kurzy,Finance
216,b1050209865,,Kurz devizového trhu 1 EUR podle ČNB pro den 21.6.2022,2022-05-24T15:00:00.000+02:00,95954,Ceny komodit a devizové kurzy,4457294,Ceny komodit a devizové kurzy,Finance
217,b1051299855,,Cena 1 barel ropa Brent v USD dne 28.6.2022 v 15:02 SEČ (vyhodnocení podle kurzy.cz),2022-05-31T15:00:00.000+02:00,95954,Ceny komodit a devizové kurzy,4457294,Ceny komodit a devizové kurzy,Finance
218,b1051299856,,Cena 1 oz zlata v USD dne 28.6.2022 v 15:02 SEČ (vyhodnocení podle kurzy.cz),2022-05-31T15:00:00.000+02:00,95954,Ceny komodit a devizové kurzy,4457294,Ceny komodit a devizové kurzy,Finance
219,b1051299857,,Kurz 1 Bitcoin v USD dne 28.6.2022 v 15:02 SEČ (vyhodnocení podle kurzy.cz),2022-05-31T15:00:00.000+02:00,95954,Ceny komodit a devizové kurzy,4457294,Ceny komodit a devizové kurzy,Finance
220,b1051299858,,Kurz devizového trhu 1 EUR podle ČNB pro den 28.6.2022,2022-05-31T15:00:00.000+02:00,95954,Ceny komodit a devizové kurzy,4457294,Ceny komodit a devizové kurzy,Finance
221,b1052325552,,Cena 1 barel ropa Brent v USD dne 4.7.2022 v 15:02 SEČ (vyhodnocení podle kurzy.cz),2022-06-07T15:00:00.000+02:00,95954,Ceny komodit a devizové kurzy,4457294,Ceny komodit a devizové kurzy,Finance
222,b1052325553,,Cena 1 oz zlata v USD dne 4.7.2022 v 15:02 SEČ (vyhodnocení podle kurzy.cz,2022-06-07T15:00:00.000+02:00,95954,Ceny komodit a devizové kurzy,4457294,Ceny komodit a devizové kurzy,Finance
223,b1052325554,,Kurz 1 Bitcoin v USD dne 4.7.2022 v 15:02 SEČ (vyhodnocení podle kurzy.cz),2022-06-07T15:00:00.000+02:00,95954,Ceny komodit a devizové kurzy,4457294,Ceny komodit a devizové kurzy,Finance
224,b1052325555,,Kurz devizového trhu 1 EUR podle ČNB pro den 4.7.2022,2022-06-07T15:00:00.000+02:00,95954,Ceny komodit a devizové kurzy,4457294,Ceny komodit a devizové kurzy,Finance
225,b1052453177,,Maximální denní teplota ve stupních C podle chmi.cz bude 1.7.2022 8:00 – 2.7.2022 8:00 SELČ na met. stanici Praha-Ruzyně,2022-06-15T23:00:00.000+02:00,94653,Počasí v ČR 2022,4337194,Maximální denní teplota ve stupních C,Společenské sázky
226,b1052444026,,"Nejvyšší naměřená teplota v ČR od 1.7. do 1.9.2022 podle chmi.cz bude +40,4 stupně C",2022-06-30T23:00:00.000+02:00,94653,Počasí v ČR 2022,4337195,Nejvyšší naměřená teplota v ČR 1.7.-1.9.2022,Společenské sázky
227,b1052443926,,"Nejvyšší naměřená teplota v SR od 1.7. do 1.9.2022 podle shmu.sk bude +40,4 stupně C",2022-06-30T23:00:00.000+02:00,95438,Počasí v SR 2022,4581429,Nejvyšší naměřená teplota v SR 1.7.-1.9.2022,Společenské sázky
228,b1052564817,,Cena 1 barel ropa Brent v USD dne 4.7.2022 v 15:02 SEČ (vyhodnocení podle kurzy.cz),2022-06-07T15:00:00.000+02:00,95954,Ceny komodit a devizové kurzy,4457294,Ceny komodit a devizové kurzy,Finance
229,b1053280494,,Cena 1 barel ropa Brent v USD dne 12.7.2022 v 15:02 SEČ (vyhodnocení podle kurzy.cz),2022-06-14T15:00:00.000+02:00,95954,Ceny komodit a devizové kurzy,4457294,Ceny komodit a devizové kurzy,Finance
230,b1053280495,,Cena 1 oz zlata v USD dne 12.7.2022 v 15:02 SEČ (vyhodnocení podle kurzy.cz,2022-06-14T15:00:00.000+02:00,95954,Ceny komodit a devizové kurzy,4457294,Ceny komodit a devizové kurzy,Finance
231,b1053280496,,Kurz 1 Bitcoin v USD dne 12.7.2022 v 15:02 SEČ (vyhodnocení podle kurzy.cz),2022-06-14T15:00:00.000+02:00,95954,Ceny komodit a devizové kurzy,4457294,Ceny komodit a devizové kurzy,Finance
232,b1053280497,,Kurz devizového trhu 1 EUR podle ČNB pro den 12.7.2022,2022-06-14T15:00:00.000+02:00,95954,Ceny komodit a devizové kurzy,4457294,Ceny komodit a devizové kurzy,Finance
233,b1053281723,,Vítěz,2022-10-01T20:00:00.000+02:00,95440,Zlatý míč 2022,4396081,Zlatý míč 2022,Sportovní sázky
234,b1053549675,,Vítěz,2022-06-18T08:00:00.000+02:00,97000,Předseda ČSLH,4594079,Volba předsedy ČSLH 18.6.2022,Sportovní sázky
235,b1054140579,,Kurz 1 Bitcoin v USD dne 12.7.2022 v 15:02 SEČ (vyhodnocení podle kurzy.cz),2022-06-14T15:00:00.000+02:00,95954,Ceny komodit a devizové kurzy,4457294,Ceny komodit a devizové kurzy,Finance
236,b1054173567,,Vítěz,2022-12-01T20:00:00.000+01:00,94875,Sportovec roku ČR 2022,4346081,Sportovec roku ČR 2022 - jednotlivci,Sportovní sázky
237,b1054171138,Vlhová Petra,Vítěz Ano/Ne,2022-12-01T20:00:00.000+01:00,95548,Športovec roka SR 2022,4403509,Športovec roka SR 2022 - jednotlivci,Sportovní sázky
238,b1054292696,,Cena 1 barel ropa Brent v USD dne 2.8.2022 v 15:02 SEČ (vyhodnocení podle kurzy.cz),2022-06-28T15:00:00.000+02:00,95954,Ceny komodit a devizové kurzy,4457294,Ceny komodit a devizové kurzy,Finance
239,b1054292697,,Cena 1 oz zlata v USD dne 2.8.2022 v 15:02 SEČ (vyhodnocení podle kurzy.cz,2022-06-28T15:00:00.000+02:00,95954,Ceny komodit a devizové kurzy,4457294,Ceny komodit a devizové kurzy,Finance
240,b1054292698,,Kurz 1 Bitcoin v USD dne 2.8.2022 v 15:02 SEČ (vyhodnocení podle kurzy.cz),2022-06-28T15:00:00.000+02:00,95954,Ceny komodit a devizové kurzy,4457294,Ceny komodit a devizové kurzy,Finance
241,b1054292699,,Kurz devizového trhu 1 EUR podle ČNB pro den 2.8.2022,2022-06-28T15:00:00.000+02:00,95954,Ceny komodit a devizové kurzy,4457294,Ceny komodit a devizové kurzy,Finance
242,b1054613830,,Maximální denní teplota ve stupních C podle chmi.cz bude 15.7.2022 8:00 – 16.7.2022 8:00 SELČ na met. stanici Praha-Ruzyně,2022-06-16T23:00:00.000+02:00,94653,Počasí v ČR 2022,4337194,Maximální denní teplota ve stupních C,Společenské sázky
243,b1055838998,,"Průměrná spotřebitelská cena v červenci 2022 (28.týden) podle Českého statistického úřadu (czso.cz) - cukr krystalový (1kg) bude 20,25 Kč",2022-07-07T23:00:00.000+02:00,95215,Potraviny 2022 - spotřeba a cena,4623569,Cena potravin v roce 2022,Společenské sázky
244,b1055838999,,"Průměrná spotřebitelská cena v červenci 2022 (28.týden) podle Českého statistického úřadu (czso.cz) - eidamská cihla (1kg) bude 208,85 Kč",2022-07-07T23:00:00.000+02:00,95215,Potraviny 2022 - spotřeba a cena,4623569,Cena potravin v roce 2022,Společenské sázky
245,b1055839000,,"Průměrná spotřebitelská cena v červenci 2022 (28.týden) podle Českého statistického úřadu (czso.cz) - chléb konzumní kmínový (1 kg) bude 36,05 Kč",2022-07-07T23:00:00.000+02:00,95215,Potraviny 2022 - spotřeba a cena,4623569,Cena potravin v roce 2022,Společenské sázky
246,b1055839001,,"Průměrná spotřebitelská cena v červenci 2022 (28.týden) podle Českého statistického úřadu (czso.cz) - jablka konzumní (1kg) bude 35,75 Kč",2022-07-07T23:00:00.000+02:00,95215,Potraviny 2022 - spotřeba a cena,4623569,Cena potravin v roce 2022,Společenské sázky
247,b1055839002,,"Průměrná spotřebitelská cena v červenci 2022 (28.týden) podle Českého statistického úřadu (czso.cz) - konzumní brambory (1kg) bude 23,35 Kč",2022-07-07T23:00:00.000+02:00,95215,Potraviny 2022 - spotřeba a cena,4623569,Cena potravin v roce 2022,Společenské sázky
248,b1055839003,,"Průměrná spotřebitelská cena v červenci 2022 (28.týden) podle Českého statistického úřadu (czso.cz) - máslo (1kg) bude 246,55 Kč",2022-07-07T23:00:00.000+02:00,95215,Potraviny 2022 - spotřeba a cena,4623569,Cena potravin v roce 2022,Společenské sázky
249,b1055839004,,"Průměrná spotřebitelská cena v červenci 2022 (28.týden) podle Českého statistického úřadu (czso.cz) - mléko polotučné pasterované (1l) bude 23,65 Kč",2022-07-07T23:00:00.000+02:00,95215,Potraviny 2022 - spotřeba a cena,4623569,Cena potravin v roce 2022,Společenské sázky
250,b1055839005,,"Průměrná spotřebitelská cena v červenci 2022 (28.týden) podle Českého statistického úřadu (czso.cz) - pivo výčepní,světlé,lahvové (0,5l) bude 12,85 Kč",2022-07-07T23:00:00.000+02:00,95215,Potraviny 2022 - spotřeba a cena,4623569,Cena potravin v roce 2022,Společenské sázky
251,b1056512828,,Cena 1 barel ropa Brent v USD dne 9.8.2022 v 15:02 SEČ (vyhodnocení podle kurzy.cz),2022-07-05T15:00:00.000+02:00,95954,Ceny komodit a devizové kurzy,4457294,Ceny komodit a devizové kurzy,Finance
252,b1056512829,,Cena 1 oz zlata v USD dne 9.8.2022 v 15:02 SEČ (vyhodnocení podle kurzy.cz,2022-07-05T15:00:00.000+02:00,95954,Ceny komodit a devizové kurzy,4457294,Ceny komodit a devizové kurzy,Finance
253,b1056512830,,Kurz 1 Bitcoin v USD dne 9.8.2022 v 15:02 SEČ (vyhodnocení podle kurzy.cz),2022-07-05T15:00:00.000+02:00,95954,Ceny komodit a devizové kurzy,4457294,Ceny komodit a devizové kurzy,Finance
254,b1056512831,,Kurz devizového trhu 1 EUR podle ČNB pro den 9.8.2022,2022-07-05T15:00:00.000+02:00,95954,Ceny komodit a devizové kurzy,4457294,Ceny komodit a devizové kurzy,Finance
255,b1056943007,,Petr Fiala bude 31.12.2022 předsedou Vlády ČR s důvěrou PS,2022-07-31T23:00:00.000+02:00,75144,Politické sázky na rok 2022,2863191,Politické události v roce 2022,Politika
256,b1056948963,,Nathan’s Hotdog Eating Contest (Soutěž v pojídání hotdogů vyhraje Joey Chestnut),2022-07-04T17:00:00.000+02:00,95435,Nathan’s Hotdog Eating Contest 2022,4394775,Nathan's Hotdog Eating Contest 2022,Zábava
257,b1056948964,,Nathan’s Hotdog Eating Contest (Vítěz soutěže mužů sní 75 hotdogů),2022-07-04T17:00:00.000+02:00,95435,Nathan’s Hotdog Eating Contest 2022,4394775,Nathan's Hotdog Eating Contest 2022,Zábava
258,b1057148840,,Maximální denní teplota ve stupních C podle chmi.cz bude 1.8.2022 8:00 – 2.8.2022 8:00 SELČ na met. stanici Praha-Ruzyně,2022-07-15T23:00:00.000+02:00,94653,Počasí v ČR 2022,4337194,Maximální denní teplota ve stupních C,Společenské sázky
259,b1057782771,,Cena 1 barel ropa Brent v USD dne 16.8.2022 v 15:02 SEČ (vyhodnocení podle kurzy.cz),2022-07-12T15:00:00.000+02:00,95954,Ceny komodit a devizové kurzy,4457294,Ceny komodit a devizové kurzy,Finance
260,b1057782772,,Cena 1 oz zlata v USD dne 16.8.2022 v 15:02 SEČ (vyhodnocení podle kurzy.cz),2022-07-12T15:00:00.000+02:00,95954,Ceny komodit a devizové kurzy,4457294,Ceny komodit a devizové kurzy,Finance
261,b1057782773,,Kurz 1 Bitcoin v USD dne 16.8.2022 v 15:02 SEČ (vyhodnocení podle kurzy.cz),2022-07-12T15:00:00.000+02:00,95954,Ceny komodit a devizové kurzy,4457294,Ceny komodit a devizové kurzy,Finance
262,b1057782774,,Kurz devizového trhu 1 EUR podle ČNB pro den 16.8.2022,2022-07-12T15:00:00.000+02:00,95954,Ceny komodit a devizové kurzy,4457294,Ceny komodit a devizové kurzy,Finance
263,b1058285915,,Vítěz,2022-07-11T22:00:00.000+02:00,97403,Cristiano Ronaldo,4652904,Cristiano Ronaldo bude 5.9.2022 hráčem týmu (ne hostování),Sportovní sázky
264,b1058500861,,Vítěz,2022-07-31T20:00:00.000+02:00,97400,Premiér Velké Británie,4649423,Následující premiér V.Británie po B.Johnsonovi,Politika
265,b1058911231,,Cena 1 barel ropa Brent v USD dne 11.10.2022 v 15:02 SEČ (vyhodnocení podle kurzy.cz),2022-09-01T15:00:00.000+02:00,95954,Ceny komodit a devizové kurzy,4457294,Ceny komodit a devizové kurzy,Finance
266,b1058911232,,Cena 1 oz zlata v USD dne 11.10.2022 v 15:02 SEČ (vyhodnocení podle kurzy.cz),2022-09-01T15:00:00.000+02:00,95954,Ceny komodit a devizové kurzy,4457294,Ceny komodit a devizové kurzy,Finance
267,b1058911233,,Kurz 1 Bitcoin v USD dne 11.10.2022 v 15:02 SEČ (vyhodnocení podle kurzy.cz),2022-09-01T15:00:00.000+02:00,95954,Ceny komodit a devizové kurzy,4457294,Ceny komodit a devizové kurzy,Finance
268,b1058911234,,Kurz devizového trhu 1 EUR podle ČNB pro den 11.10.2022,2022-09-01T15:00:00.000+02:00,95954,Ceny komodit a devizové kurzy,4457294,Ceny komodit a devizové kurzy,Finance
269,b1059660952,,Maximální denní teplota ve stupních C podle chmi.cz bude 15.8.2022 8:00 – 16.8.2022 8:00 SELČ na met. stanici Praha-Ruzyně,2022-08-01T23:00:00.000+02:00,94653,Počasí v ČR 2022,4337194,Maximální denní teplota ve stupních C,Společenské sázky
270,b1062239711,,Maximální denní teplota ve stupních C podle chmi.cz bude 1.9.2022 8:00 – 2.9.2022 8:00 SELČ na met. stanici Praha-Ruzyně,2022-08-02T23:00:00.000+02:00,94653,Počasí v ČR 2022,4337194,Maximální denní teplota ve stupních C,Společenské sázky
271,b1064457699,,Cena 1 barel ropa Brent v USD dne 15.11.2022 v 15:02 SEČ (vyhodnocení podle kurzy.cz),2022-09-01T15:00:00.000+02:00,95954,Ceny komodit a devizové kurzy,4457294,Ceny komodit a devizové kurzy,Finance
272,b1064457700,,Cena 1 oz zlata v USD dne 15.11.2022 v 15:02 SEČ (vyhodnocení podle kurzy.cz),2022-09-01T15:00:00.000+02:00,95954,Ceny komodit a devizové kurzy,4457294,Ceny komodit a devizové kurzy,Finance
273,b1064457701,,Kurz 1 Bitcoin v USD dne 15.11.2022 v 15:02 SEČ (vyhodnocení podle kurzy.cz),2022-09-01T15:00:00.000+02:00,95954,Ceny komodit a devizové kurzy,4457294,Ceny komodit a devizové kurzy,Finance
274,b1064457702,,Kurz devizového trhu 1 EUR podle ČNB pro den 15.11.2022,2022-09-01T15:00:00.000+02:00,95954,Ceny komodit a devizové kurzy,4457294,Ceny komodit a devizové kurzy,Finance
275,b1064598477,,Maximální denní teplota ve stupních C podle chmi.cz bude 15.9.2022 8:00 – 16.9.2022 8:00 SELČ na met. stanici Praha-Ruzyně,2022-09-01T23:00:00.000+02:00,94653,Počasí v ČR 2022,4337194,Maximální denní teplota ve stupních C,Společenské sázky
276,b1065418846,,Kurz devizového trhu 1 EUR podle ČNB pro den 15.11.2022,2022-09-01T15:00:00.000+02:00,95954,Ceny komodit a devizové kurzy,4457294,Ceny komodit a devizové kurzy,Finance
