date,match_id,match_name,match_url,competition_id,competition_name,sport_id,sport_name,date_closed
2023-05-25 00:18:12.952011,4994063,Politické události v roce 2023,/spolecenske-sazky-politicke-udalosti-v-roce-2023-4994063,103485,Politické sázky na rok 2023,3633,Politika,2023-05-28T23:00:00
2023-05-25 00:18:12.952011,5269323,Slovensko - hlasování o vyslovení důvěry vládě,/spolecenske-sazky-slovensko-hlasovani-o-vysloveni-duvery-vlade-5269323,106824,Slovensko - hlasování o vyslovení důvěry vládě,3633,Politika,2023-06-01T10:00:00
2023-05-25 00:18:12.952011,5200701,Messi bude 2.9.2023 hráčem týmu (ne hostování),/spolecenske-sazky-messi-bude-292023-hracem-tymu-ne-hostovani-5200701,105743,Messi 2.9.2023 hráčem týmu,3634,Sportovní sázky,2023-05-26T20:00:00
2023-05-25 00:18:12.952011,4908797,Prezidentské volby USA 2024,/spolecenske-sazky-prezidentske-volby-usa-2024-4908797,101839,USA - Prezidentské volby USA 2024,3633,Politika,2024-11-05T12:00:00
2023-05-25 00:18:12.952011,5174127,Ekonomické události v roce 2023,/spolecenske-sazky-ekonomicke-udalosti-v-roce-2023-5174127,105343,Ekonomické sázky na rok 2023,3631,Finance,2023-05-30T22:00:00
2023-05-25 00:18:12.952011,5296416,Nejvyšší naměřená teplota v ČR 1.7.-1.9.2023,/spolecenske-sazky-nejvyssi-namerena-teplota-v-cr-17-192023-5296416,102960,Počasí v ČR 2023,191,Společenské sázky,2023-06-30T23:00:00
2023-05-25 00:18:12.952011,5296418,Nejvyšší naměřená teplota v SR 1.7.-1.9.2023,/spolecenske-sazky-nejvyssi-namerena-teplota-v-sr-17-192023-5296418,102959,Počasí v SR 2023,191,Společenské sázky,2023-06-30T23:00:00
2023-05-25 00:18:12.952011,4901596,Ceny komodit a devizové kurzy,/spolecenske-sazky-ceny-komodit-a-devizove-kurzy-4901596,95954,Ceny komodit a devizové kurzy,3631,Finance,2023-06-01T15:00:00
2023-05-25 00:18:12.952011,5106494,Zlatý míč 2023,/spolecenske-sazky-zlaty-mic-2023-5106494,102958,Zlatý míč 2023,3634,Sportovní sázky,2023-10-01T20:00:00
2023-05-25 00:18:12.952011,4994060,Turecko - Prezidentské volby 2023 - celkově,/spolecenske-sazky-turecko-prezidentske-volby-2023-celkove-4994060,103484,Turecko - Prezidentské volby 2023,3633,Politika,2023-05-28T07:00:00
2023-05-25 00:18:12.952011,5259903,Slovensko - první premiér s důvěrou NRSR po volbách,/spolecenske-sazky-slovensko-prvni-premier-s-duverou-nrsr-po-volbach-5259903,105903,Slovensko - předčasné parlamentní volby 2023,3633,Politika,2023-09-30T07:00:00
2023-05-25 00:18:12.952011,4964174,Maximální denní teplota ve stupních C,/spolecenske-sazky-maximalni-denni-teplota-ve-stupnich-c-4964174,102960,Počasí v ČR 2023,191,Společenské sázky,2023-05-30T21:30:00
2023-05-24 23:32:55.783549,4994063,Politické události v roce 2023,/spolecenske-sazky-politicke-udalosti-v-roce-2023-4994063,103485,Politické sázky na rok 2023,3633,Politika,2023-05-28T21:00:00
2023-05-24 23:32:55.783549,5269323,Slovensko - hlasování o vyslovení důvěry vládě,/spolecenske-sazky-slovensko-hlasovani-o-vysloveni-duvery-vlade-5269323,106824,Slovensko - hlasování o vyslovení důvěry vládě,3633,Politika,2023-06-01T08:00:00
2023-05-24 23:32:55.783549,5200701,Messi bude 2.9.2023 hráčem týmu (ne hostování),/spolecenske-sazky-messi-bude-292023-hracem-tymu-ne-hostovani-5200701,105743,Messi 2.9.2023 hráčem týmu,3634,Sportovní sázky,2023-05-26T18:00:00
2023-05-24 23:32:55.783549,4908797,Prezidentské volby USA 2024,/spolecenske-sazky-prezidentske-volby-usa-2024-4908797,101839,USA - Prezidentské volby USA 2024,3633,Politika,2024-11-05T11:00:00
2023-05-24 23:32:55.783549,5174127,Ekonomické události v roce 2023,/spolecenske-sazky-ekonomicke-udalosti-v-roce-2023-5174127,105343,Ekonomické sázky na rok 2023,3631,Finance,2023-05-30T20:00:00
2023-05-24 23:32:55.783549,5296416,Nejvyšší naměřená teplota v ČR 1.7.-1.9.2023,/spolecenske-sazky-nejvyssi-namerena-teplota-v-cr-17-192023-5296416,102960,Počasí v ČR 2023,191,Společenské sázky,2023-06-30T21:00:00
2023-05-24 23:32:55.783549,5296418,Nejvyšší naměřená teplota v SR 1.7.-1.9.2023,/spolecenske-sazky-nejvyssi-namerena-teplota-v-sr-17-192023-5296418,102959,Počasí v SR 2023,191,Společenské sázky,2023-06-30T21:00:00
2023-05-24 23:32:55.783549,4901596,Ceny komodit a devizové kurzy,/spolecenske-sazky-ceny-komodit-a-devizove-kurzy-4901596,95954,Ceny komodit a devizové kurzy,3631,Finance,2023-06-01T13:00:00
2023-05-24 23:32:55.783549,5106494,Zlatý míč 2023,/spolecenske-sazky-zlaty-mic-2023-5106494,102958,Zlatý míč 2023,3634,Sportovní sázky,2023-10-01T18:00:00
2023-05-24 23:32:55.783549,4994060,Turecko - Prezidentské volby 2023 - celkově,/spolecenske-sazky-turecko-prezidentske-volby-2023-celkove-4994060,103484,Turecko - Prezidentské volby 2023,3633,Politika,2023-05-28T05:00:00
2023-05-24 23:32:55.783549,5259903,Slovensko - první premiér s důvěrou NRSR po volbách,/spolecenske-sazky-slovensko-prvni-premier-s-duverou-nrsr-po-volbach-5259903,105903,Slovensko - předčasné parlamentní volby 2023,3633,Politika,2023-09-30T05:00:00
2023-05-24 23:32:55.783549,4964174,Maximální denní teplota ve stupních C,/spolecenske-sazky-maximalni-denni-teplota-ve-stupnich-c-4964174,102960,Počasí v ČR 2023,191,Společenské sázky,2023-05-30T19:30:00
2023-05-26 04:08:58.321170,5296416,Nejvyšší naměřená teplota v ČR 1.7.-1.9.2023,/spolecenske-sazky-nejvyssi-namerena-teplota-v-cr-17-192023-5296416,102960,Počasí v ČR 2023,191,Společenské sázky,2023-06-30T21:00:00
2023-05-26 04:08:58.321170,4994060,Turecko - Prezidentské volby 2023 - celkově,/spolecenske-sazky-turecko-prezidentske-volby-2023-celkove-4994060,103484,Turecko - Prezidentské volby 2023,3633,Politika,2023-05-28T05:00:00
2023-05-26 04:08:58.321170,5269323,Slovensko - hlasování o vyslovení důvěry vládě,/spolecenske-sazky-slovensko-hlasovani-o-vysloveni-duvery-vlade-5269323,106824,Slovensko - hlasování o vyslovení důvěry vládě,3633,Politika,2023-06-01T08:00:00
2023-05-26 04:08:58.321170,4994063,Politické události v roce 2023,/spolecenske-sazky-politicke-udalosti-v-roce-2023-4994063,103485,Politické sázky na rok 2023,3633,Politika,2023-05-28T21:00:00
2023-05-26 04:08:58.321170,5200701,Messi bude 2.9.2023 hráčem týmu (ne hostování),/spolecenske-sazky-messi-bude-292023-hracem-tymu-ne-hostovani-5200701,105743,Messi 2.9.2023 hráčem týmu,3634,Sportovní sázky,2023-05-26T18:00:00
2023-05-26 04:08:58.321170,4908797,Prezidentské volby USA 2024,/spolecenske-sazky-prezidentske-volby-usa-2024-4908797,101839,USA - Prezidentské volby USA 2024,3633,Politika,2024-11-05T11:00:00
2023-05-26 04:08:58.321170,5174127,Ekonomické události v roce 2023,/spolecenske-sazky-ekonomicke-udalosti-v-roce-2023-5174127,105343,Ekonomické sázky na rok 2023,3631,Finance,2023-05-30T20:00:00
2023-05-26 04:08:58.321170,4901596,Ceny komodit a devizové kurzy,/spolecenske-sazky-ceny-komodit-a-devizove-kurzy-4901596,95954,Ceny komodit a devizové kurzy,3631,Finance,2023-06-01T13:00:00
2023-05-26 04:08:58.321170,5106494,Zlatý míč 2023,/spolecenske-sazky-zlaty-mic-2023-5106494,102958,Zlatý míč 2023,3634,Sportovní sázky,2023-10-01T18:00:00
2023-05-26 04:08:58.321170,4964174,Maximální denní teplota ve stupních C,/spolecenske-sazky-maximalni-denni-teplota-ve-stupnich-c-4964174,102960,Počasí v ČR 2023,191,Společenské sázky,2023-05-30T19:30:00
2023-05-26 04:08:58.321170,5259903,Slovensko - první premiér s důvěrou NRSR po volbách,/spolecenske-sazky-slovensko-prvni-premier-s-duverou-nrsr-po-volbach-5259903,105903,Slovensko - předčasné parlamentní volby 2023,3633,Politika,2023-09-30T05:00:00
2023-05-26 04:08:58.321170,5296418,Nejvyšší naměřená teplota v SR 1.7.-1.9.2023,/spolecenske-sazky-nejvyssi-namerena-teplota-v-sr-17-192023-5296418,102959,Počasí v SR 2023,191,Společenské sázky,2023-06-30T21:00:00
2023-05-27 16:09:12.288121,5296416,Nejvyšší naměřená teplota v ČR 1.7.-1.9.2023,/spolecenske-sazky-nejvyssi-namerena-teplota-v-cr-17-192023-5296416,102960,Počasí v ČR 2023,191,Společenské sázky,2023-06-30T21:00:00
2023-05-27 16:09:12.288121,4908797,Prezidentské volby USA 2024,/spolecenske-sazky-prezidentske-volby-usa-2024-4908797,101839,USA - Prezidentské volby USA 2024,3633,Politika,2024-11-05T11:00:00
2023-05-27 16:09:12.288121,5174127,Ekonomické události v roce 2023,/spolecenske-sazky-ekonomicke-udalosti-v-roce-2023-5174127,105343,Ekonomické sázky na rok 2023,3631,Finance,2023-06-10T20:00:00
2023-05-27 16:09:12.288121,5296418,Nejvyšší naměřená teplota v SR 1.7.-1.9.2023,/spolecenske-sazky-nejvyssi-namerena-teplota-v-sr-17-192023-5296418,102959,Počasí v SR 2023,191,Společenské sázky,2023-06-30T21:00:00
2023-05-27 16:09:12.288121,4901596,Ceny komodit a devizové kurzy,/spolecenske-sazky-ceny-komodit-a-devizove-kurzy-4901596,95954,Ceny komodit a devizové kurzy,3631,Finance,2023-06-10T13:00:00
2023-05-27 16:09:12.288121,4994060,Turecko - Prezidentské volby 2023 - celkově,/spolecenske-sazky-turecko-prezidentske-volby-2023-celkove-4994060,103484,Turecko - Prezidentské volby 2023,3633,Politika,2023-05-28T05:00:00
2023-05-27 16:09:12.288121,5259903,Slovensko - první premiér s důvěrou NRSR po volbách,/spolecenske-sazky-slovensko-prvni-premier-s-duverou-nrsr-po-volbach-5259903,105903,Slovensko - předčasné parlamentní volby 2023,3633,Politika,2023-09-30T05:00:00
2023-05-27 16:09:12.288121,5269323,Slovensko - hlasování o vyslovení důvěry vládě,/spolecenske-sazky-slovensko-hlasovani-o-vysloveni-duvery-vlade-5269323,106824,Slovensko - hlasování o vyslovení důvěry vládě,3633,Politika,2023-06-01T08:00:00
2023-05-27 16:09:12.288121,4964174,Maximální denní teplota ve stupních C,/spolecenske-sazky-maximalni-denni-teplota-ve-stupnich-c-4964174,102960,Počasí v ČR 2023,191,Společenské sázky,2023-06-15T19:30:00
2023-05-27 16:09:12.288121,4994063,Politické události v roce 2023,/spolecenske-sazky-politicke-udalosti-v-roce-2023-4994063,103485,Politické sázky na rok 2023,3633,Politika,2023-06-11T21:00:00
2023-05-27 16:09:12.288121,5106494,Zlatý míč 2023,/spolecenske-sazky-zlaty-mic-2023-5106494,102958,Zlatý míč 2023,3634,Sportovní sázky,2023-10-01T18:00:00
2023-05-29 16:09:07.315889,5296418,Nejvyšší naměřená teplota v SR 1.7.-1.9.2023,/spolecenske-sazky-nejvyssi-namerena-teplota-v-sr-17-192023-5296418,102959,Počasí v SR 2023,191,Společenské sázky,2023-06-30T21:00:00
2023-05-29 16:09:07.315889,5296416,Nejvyšší naměřená teplota v ČR 1.7.-1.9.2023,/spolecenske-sazky-nejvyssi-namerena-teplota-v-cr-17-192023-5296416,102960,Počasí v ČR 2023,191,Společenské sázky,2023-06-30T21:00:00
2023-05-29 16:09:07.315889,4908797,Prezidentské volby USA 2024,/spolecenske-sazky-prezidentske-volby-usa-2024-4908797,101839,USA - Prezidentské volby USA 2024,3633,Politika,2024-11-05T11:00:00
2023-05-29 16:09:07.315889,5174127,Ekonomické události v roce 2023,/spolecenske-sazky-ekonomicke-udalosti-v-roce-2023-5174127,105343,Ekonomické sázky na rok 2023,3631,Finance,2023-06-05T20:00:00
2023-05-29 16:09:07.315889,4901596,Ceny komodit a devizové kurzy,/spolecenske-sazky-ceny-komodit-a-devizove-kurzy-4901596,95954,Ceny komodit a devizové kurzy,3631,Finance,2023-06-05T13:00:00
2023-05-29 16:09:07.315889,5106494,Zlatý míč 2023,/spolecenske-sazky-zlaty-mic-2023-5106494,102958,Zlatý míč 2023,3634,Sportovní sázky,2023-10-01T18:00:00
2023-05-29 16:09:07.315889,5259903,Slovensko - první premiér s důvěrou NRSR po volbách,/spolecenske-sazky-slovensko-prvni-premier-s-duverou-nrsr-po-volbach-5259903,105903,Slovensko - předčasné parlamentní volby 2023,3633,Politika,2023-09-30T05:00:00
2023-05-29 16:09:07.315889,5269323,Slovensko - hlasování o vyslovení důvěry vládě,/spolecenske-sazky-slovensko-hlasovani-o-vysloveni-duvery-vlade-5269323,106824,Slovensko - hlasování o vyslovení důvěry vládě,3633,Politika,2023-06-01T08:00:00
2023-05-29 16:09:07.315889,4964174,Maximální denní teplota ve stupních C,/spolecenske-sazky-maximalni-denni-teplota-ve-stupnich-c-4964174,102960,Počasí v ČR 2023,191,Společenské sázky,2023-06-15T19:30:00
2023-05-29 16:09:07.315889,4994063,Politické události v roce 2023,/spolecenske-sazky-politicke-udalosti-v-roce-2023-4994063,103485,Politické sázky na rok 2023,3633,Politika,2023-06-11T21:00:00
2023-05-30 04:08:52.140765,5259903,Slovensko - první premiér s důvěrou NRSR po volbách,/spolecenske-sazky-slovensko-prvni-premier-s-duverou-nrsr-po-volbach-5259903,105903,Slovensko - předčasné parlamentní volby 2023,3633,Politika,2023-09-30T05:00:00
2023-05-30 04:08:52.140765,5174127,Ekonomické události v roce 2023,/spolecenske-sazky-ekonomicke-udalosti-v-roce-2023-5174127,105343,Ekonomické sázky na rok 2023,3631,Finance,2023-06-05T20:00:00
2023-05-30 04:08:52.140765,5296418,Nejvyšší naměřená teplota v SR 1.7.-1.9.2023,/spolecenske-sazky-nejvyssi-namerena-teplota-v-sr-17-192023-5296418,102959,Počasí v SR 2023,191,Společenské sázky,2023-06-30T21:00:00
2023-05-30 04:08:52.140765,4901596,Ceny komodit a devizové kurzy,/spolecenske-sazky-ceny-komodit-a-devizove-kurzy-4901596,95954,Ceny komodit a devizové kurzy,3631,Finance,2023-06-05T13:00:00
2023-05-30 04:08:52.140765,5106494,Zlatý míč 2023,/spolecenske-sazky-zlaty-mic-2023-5106494,102958,Zlatý míč 2023,3634,Sportovní sázky,2023-10-01T18:00:00
2023-05-30 04:08:52.140765,4964174,Maximální denní teplota ve stupních C,/spolecenske-sazky-maximalni-denni-teplota-ve-stupnich-c-4964174,102960,Počasí v ČR 2023,191,Společenské sázky,2023-06-15T19:30:00
2023-05-30 04:08:52.140765,4994063,Politické události v roce 2023,/spolecenske-sazky-politicke-udalosti-v-roce-2023-4994063,103485,Politické sázky na rok 2023,3633,Politika,2023-06-11T21:00:00
2023-05-30 04:08:52.140765,5296416,Nejvyšší naměřená teplota v ČR 1.7.-1.9.2023,/spolecenske-sazky-nejvyssi-namerena-teplota-v-cr-17-192023-5296416,102960,Počasí v ČR 2023,191,Společenské sázky,2023-06-30T21:00:00
2023-05-30 04:08:52.140765,5269323,Slovensko - hlasování o vyslovení důvěry vládě,/spolecenske-sazky-slovensko-hlasovani-o-vysloveni-duvery-vlade-5269323,106824,Slovensko - hlasování o vyslovení důvěry vládě,3633,Politika,2023-06-01T08:00:00
2023-05-30 04:08:52.140765,4908797,Prezidentské volby USA 2024,/spolecenske-sazky-prezidentske-volby-usa-2024-4908797,101839,USA - Prezidentské volby USA 2024,3633,Politika,2024-11-05T11:00:00
2023-05-30 16:09:03.525788,5303671,Řecko - předčasné parlamentní volby 2023,/spolecenske-sazky-recko-predcasne-parlamentni-volby-2023-5303671,107766,Řecko - předčasné parlamentní volby 2023,3633,Politika,2023-06-25T05:00:00
2023-05-30 16:09:03.525788,5296418,Nejvyšší naměřená teplota v SR 1.7.-1.9.2023,/spolecenske-sazky-nejvyssi-namerena-teplota-v-sr-17-192023-5296418,102959,Počasí v SR 2023,191,Společenské sázky,2023-06-30T21:00:00
2023-05-30 16:09:03.525788,5296416,Nejvyšší naměřená teplota v ČR 1.7.-1.9.2023,/spolecenske-sazky-nejvyssi-namerena-teplota-v-cr-17-192023-5296416,102960,Počasí v ČR 2023,191,Společenské sázky,2023-06-30T21:00:00
2023-05-30 16:09:03.525788,4908797,Prezidentské volby USA 2024,/spolecenske-sazky-prezidentske-volby-usa-2024-4908797,101839,USA - Prezidentské volby USA 2024,3633,Politika,2024-11-05T11:00:00
2023-05-30 16:09:03.525788,5174127,Ekonomické události v roce 2023,/spolecenske-sazky-ekonomicke-udalosti-v-roce-2023-5174127,105343,Ekonomické sázky na rok 2023,3631,Finance,2023-06-05T20:00:00
2023-05-30 16:09:03.525788,4901596,Ceny komodit a devizové kurzy,/spolecenske-sazky-ceny-komodit-a-devizove-kurzy-4901596,95954,Ceny komodit a devizové kurzy,3631,Finance,2023-06-05T13:00:00
2023-05-30 16:09:03.525788,5106494,Zlatý míč 2023,/spolecenske-sazky-zlaty-mic-2023-5106494,102958,Zlatý míč 2023,3634,Sportovní sázky,2023-10-01T18:00:00
2023-05-30 16:09:03.525788,5259903,Slovensko - první premiér s důvěrou NRSR po volbách,/spolecenske-sazky-slovensko-prvni-premier-s-duverou-nrsr-po-volbach-5259903,105903,Slovensko - předčasné parlamentní volby 2023,3633,Politika,2023-09-30T05:00:00
2023-05-30 16:09:03.525788,5269323,Slovensko - hlasování o vyslovení důvěry vládě,/spolecenske-sazky-slovensko-hlasovani-o-vysloveni-duvery-vlade-5269323,106824,Slovensko - hlasování o vyslovení důvěry vládě,3633,Politika,2023-06-01T08:00:00
2023-05-30 16:09:03.525788,4964174,Maximální denní teplota ve stupních C,/spolecenske-sazky-maximalni-denni-teplota-ve-stupnich-c-4964174,102960,Počasí v ČR 2023,191,Společenské sázky,2023-06-15T19:30:00
2023-05-30 16:09:03.525788,4994063,Politické události v roce 2023,/spolecenske-sazky-politicke-udalosti-v-roce-2023-4994063,103485,Politické sázky na rok 2023,3633,Politika,2023-06-11T21:00:00
2023-05-31 04:08:57.851952,5259903,Slovensko - první premiér s důvěrou NRSR po volbách,/spolecenske-sazky-slovensko-prvni-premier-s-duverou-nrsr-po-volbach-5259903,105903,Slovensko - předčasné parlamentní volby 2023,3633,Politika,2023-09-30T05:00:00
2023-05-31 04:08:57.851952,4994063,Politické události v roce 2023,/spolecenske-sazky-politicke-udalosti-v-roce-2023-4994063,103485,Politické sázky na rok 2023,3633,Politika,2023-06-11T21:00:00
2023-05-31 04:08:57.851952,4964174,Maximální denní teplota ve stupních C,/spolecenske-sazky-maximalni-denni-teplota-ve-stupnich-c-4964174,102960,Počasí v ČR 2023,191,Společenské sázky,2023-06-15T19:30:00
2023-05-31 04:08:57.851952,5303671,Řecko - předčasné parlamentní volby 2023,/spolecenske-sazky-recko-predcasne-parlamentni-volby-2023-5303671,107766,Řecko - předčasné parlamentní volby 2023,3633,Politika,2023-06-25T05:00:00
2023-05-31 04:08:57.851952,5296416,Nejvyšší naměřená teplota v ČR 1.7.-1.9.2023,/spolecenske-sazky-nejvyssi-namerena-teplota-v-cr-17-192023-5296416,102960,Počasí v ČR 2023,191,Společenské sázky,2023-06-30T21:00:00
2023-05-31 04:08:57.851952,4908797,Prezidentské volby USA 2024,/spolecenske-sazky-prezidentske-volby-usa-2024-4908797,101839,USA - Prezidentské volby USA 2024,3633,Politika,2024-11-05T11:00:00
2023-05-31 04:08:57.851952,5174127,Ekonomické události v roce 2023,/spolecenske-sazky-ekonomicke-udalosti-v-roce-2023-5174127,105343,Ekonomické sázky na rok 2023,3631,Finance,2023-06-05T20:00:00
2023-05-31 04:08:57.851952,5296418,Nejvyšší naměřená teplota v SR 1.7.-1.9.2023,/spolecenske-sazky-nejvyssi-namerena-teplota-v-sr-17-192023-5296418,102959,Počasí v SR 2023,191,Společenské sázky,2023-06-30T21:00:00
2023-05-31 04:08:57.851952,4901596,Ceny komodit a devizové kurzy,/spolecenske-sazky-ceny-komodit-a-devizove-kurzy-4901596,95954,Ceny komodit a devizové kurzy,3631,Finance,2023-06-05T13:00:00
2023-05-31 04:08:57.851952,5106494,Zlatý míč 2023,/spolecenske-sazky-zlaty-mic-2023-5106494,102958,Zlatý míč 2023,3634,Sportovní sázky,2023-10-01T18:00:00
2023-05-31 04:08:57.851952,5269323,Slovensko - hlasování o vyslovení důvěry vládě,/spolecenske-sazky-slovensko-hlasovani-o-vysloveni-duvery-vlade-5269323,106824,Slovensko - hlasování o vyslovení důvěry vládě,3633,Politika,2023-06-01T08:00:00
2023-05-31 16:09:02.520187,5303671,Řecko - předčasné parlamentní volby 2023,/spolecenske-sazky-recko-predcasne-parlamentni-volby-2023-5303671,107766,Řecko - předčasné parlamentní volby 2023,3633,Politika,2023-06-25T05:00:00
2023-05-31 16:09:02.520187,5296418,Nejvyšší naměřená teplota v SR 1.7.-1.9.2023,/spolecenske-sazky-nejvyssi-namerena-teplota-v-sr-17-192023-5296418,102959,Počasí v SR 2023,191,Společenské sázky,2023-06-30T21:00:00
2023-05-31 16:09:02.520187,5296416,Nejvyšší naměřená teplota v ČR 1.7.-1.9.2023,/spolecenske-sazky-nejvyssi-namerena-teplota-v-cr-17-192023-5296416,102960,Počasí v ČR 2023,191,Společenské sázky,2023-06-30T21:00:00
2023-05-31 16:09:02.520187,4908797,Prezidentské volby USA 2024,/spolecenske-sazky-prezidentske-volby-usa-2024-4908797,101839,USA - Prezidentské volby USA 2024,3633,Politika,2024-11-05T11:00:00
2023-05-31 16:09:02.520187,5174127,Ekonomické události v roce 2023,/spolecenske-sazky-ekonomicke-udalosti-v-roce-2023-5174127,105343,Ekonomické sázky na rok 2023,3631,Finance,2023-06-05T20:00:00
2023-05-31 16:09:02.520187,4901596,Ceny komodit a devizové kurzy,/spolecenske-sazky-ceny-komodit-a-devizove-kurzy-4901596,95954,Ceny komodit a devizové kurzy,3631,Finance,2023-06-05T13:00:00
2023-05-31 16:09:02.520187,5106494,Zlatý míč 2023,/spolecenske-sazky-zlaty-mic-2023-5106494,102958,Zlatý míč 2023,3634,Sportovní sázky,2023-10-01T18:00:00
2023-05-31 16:09:02.520187,5259903,Slovensko - první premiér s důvěrou NRSR po volbách,/spolecenske-sazky-slovensko-prvni-premier-s-duverou-nrsr-po-volbach-5259903,105903,Slovensko - parlamentní volby 2023,3633,Politika,2023-09-30T05:00:00
2023-05-31 16:09:02.520187,5269323,Slovensko - hlasování o vyslovení důvěry vládě,/spolecenske-sazky-slovensko-hlasovani-o-vysloveni-duvery-vlade-5269323,106824,Slovensko - hlasování o vyslovení důvěry vládě,3633,Politika,2023-06-05T08:00:00
2023-05-31 16:09:02.520187,4964174,Maximální denní teplota ve stupních C,/spolecenske-sazky-maximalni-denni-teplota-ve-stupnich-c-4964174,102960,Počasí v ČR 2023,191,Společenské sázky,2023-06-15T19:30:00
2023-05-31 16:09:02.520187,4994063,Politické události v roce 2023,/spolecenske-sazky-politicke-udalosti-v-roce-2023-4994063,103485,Politické sázky na rok 2023,3633,Politika,2023-06-11T21:00:00
2023-06-01 04:09:18.008116,4964174,Maximální denní teplota ve stupních C,/spolecenske-sazky-maximalni-denni-teplota-ve-stupnich-c-4964174,102960,Počasí v ČR 2023,191,Společenské sázky,2023-06-15T19:30:00
2023-06-01 04:09:18.008116,5303671,Řecko - předčasné parlamentní volby 2023,/spolecenske-sazky-recko-predcasne-parlamentni-volby-2023-5303671,107766,Řecko - předčasné parlamentní volby 2023,3633,Politika,2023-06-25T05:00:00
2023-06-01 04:09:18.008116,5296418,Nejvyšší naměřená teplota v SR 1.7.-1.9.2023,/spolecenske-sazky-nejvyssi-namerena-teplota-v-sr-17-192023-5296418,102959,Počasí v SR 2023,191,Společenské sázky,2023-06-30T21:00:00
2023-06-01 04:09:18.008116,5296416,Nejvyšší naměřená teplota v ČR 1.7.-1.9.2023,/spolecenske-sazky-nejvyssi-namerena-teplota-v-cr-17-192023-5296416,102960,Počasí v ČR 2023,191,Společenské sázky,2023-06-30T21:00:00
2023-06-01 04:09:18.008116,4908797,Prezidentské volby USA 2024,/spolecenske-sazky-prezidentske-volby-usa-2024-4908797,101839,USA - Prezidentské volby USA 2024,3633,Politika,2024-11-05T11:00:00
2023-06-01 04:09:18.008116,5174127,Ekonomické události v roce 2023,/spolecenske-sazky-ekonomicke-udalosti-v-roce-2023-5174127,105343,Ekonomické sázky na rok 2023,3631,Finance,2023-06-05T20:00:00
2023-06-01 04:09:18.008116,4901596,Ceny komodit a devizové kurzy,/spolecenske-sazky-ceny-komodit-a-devizove-kurzy-4901596,95954,Ceny komodit a devizové kurzy,3631,Finance,2023-06-05T13:00:00
2023-06-01 04:09:18.008116,5106494,Zlatý míč 2023,/spolecenske-sazky-zlaty-mic-2023-5106494,102958,Zlatý míč 2023,3634,Sportovní sázky,2023-10-01T18:00:00
2023-06-01 04:09:18.008116,5259903,Slovensko - první premiér s důvěrou NRSR po volbách,/spolecenske-sazky-slovensko-prvni-premier-s-duverou-nrsr-po-volbach-5259903,105903,Slovensko - parlamentní volby 2023,3633,Politika,2023-09-30T05:00:00
2023-06-01 04:09:18.008116,5269323,Slovensko - hlasování o vyslovení důvěry vládě,/spolecenske-sazky-slovensko-hlasovani-o-vysloveni-duvery-vlade-5269323,106824,Slovensko - hlasování o vyslovení důvěry vládě,3633,Politika,2023-06-05T08:00:00
2023-06-01 04:09:18.008116,4994063,Politické události v roce 2023,/spolecenske-sazky-politicke-udalosti-v-roce-2023-4994063,103485,Politické sázky na rok 2023,3633,Politika,2023-06-11T21:00:00
2023-06-01 16:08:59.762566,4964174,Maximální denní teplota ve stupních C,/spolecenske-sazky-maximalni-denni-teplota-ve-stupnich-c-4964174,102960,Počasí v ČR 2023,191,Společenské sázky,2023-06-15T19:30:00
2023-06-01 16:08:59.762566,5303671,Řecko - předčasné parlamentní volby 2023,/spolecenske-sazky-recko-predcasne-parlamentni-volby-2023-5303671,107766,Řecko - předčasné parlamentní volby 2023,3633,Politika,2023-06-25T05:00:00
2023-06-01 16:08:59.762566,5296418,Nejvyšší naměřená teplota v SR 1.7.-1.9.2023,/spolecenske-sazky-nejvyssi-namerena-teplota-v-sr-17-192023-5296418,102959,Počasí v SR 2023,191,Společenské sázky,2023-06-30T21:00:00
2023-06-01 16:08:59.762566,5296416,Nejvyšší naměřená teplota v ČR 1.7.-1.9.2023,/spolecenske-sazky-nejvyssi-namerena-teplota-v-cr-17-192023-5296416,102960,Počasí v ČR 2023,191,Společenské sázky,2023-06-30T21:00:00
2023-06-01 16:08:59.762566,4908797,Prezidentské volby USA 2024,/spolecenske-sazky-prezidentske-volby-usa-2024-4908797,101839,USA - Prezidentské volby USA 2024,3633,Politika,2024-11-05T11:00:00
2023-06-01 16:08:59.762566,5174127,Ekonomické události v roce 2023,/spolecenske-sazky-ekonomicke-udalosti-v-roce-2023-5174127,105343,Ekonomické sázky na rok 2023,3631,Finance,2023-06-05T20:00:00
2023-06-01 16:08:59.762566,4901596,Ceny komodit a devizové kurzy,/spolecenske-sazky-ceny-komodit-a-devizove-kurzy-4901596,95954,Ceny komodit a devizové kurzy,3631,Finance,2023-06-05T13:00:00
2023-06-01 16:08:59.762566,5106494,Zlatý míč 2023,/spolecenske-sazky-zlaty-mic-2023-5106494,102958,Zlatý míč 2023,3634,Sportovní sázky,2023-10-01T18:00:00
2023-06-01 16:08:59.762566,5259903,Slovensko - první premiér s důvěrou NRSR po volbách,/spolecenske-sazky-slovensko-prvni-premier-s-duverou-nrsr-po-volbach-5259903,105903,Slovensko - parlamentní volby 2023,3633,Politika,2023-09-30T05:00:00
2023-06-01 16:08:59.762566,5269323,Slovensko - hlasování o vyslovení důvěry vládě,/spolecenske-sazky-slovensko-hlasovani-o-vysloveni-duvery-vlade-5269323,106824,Slovensko - hlasování o vyslovení důvěry vládě,3633,Politika,2023-06-05T08:00:00
2023-06-01 16:08:59.762566,4994063,Politické události v roce 2023,/spolecenske-sazky-politicke-udalosti-v-roce-2023-4994063,103485,Politické sázky na rok 2023,3633,Politika,2023-06-11T21:00:00
2023-06-02 04:09:09.323567,5296416,Nejvyšší naměřená teplota v ČR 1.7.-1.9.2023,/spolecenske-sazky-nejvyssi-namerena-teplota-v-cr-17-192023-5296416,102960,Počasí v ČR 2023,191,Společenské sázky,2023-06-30T21:00:00
2023-06-02 04:09:09.323567,4964174,Maximální denní teplota ve stupních C,/spolecenske-sazky-maximalni-denni-teplota-ve-stupnich-c-4964174,102960,Počasí v ČR 2023,191,Společenské sázky,2023-06-15T19:30:00
2023-06-02 04:09:09.323567,5303671,Řecko - předčasné parlamentní volby 2023,/spolecenske-sazky-recko-predcasne-parlamentni-volby-2023-5303671,107766,Řecko - předčasné parlamentní volby 2023,3633,Politika,2023-06-25T05:00:00
2023-06-02 04:09:09.323567,4908797,Prezidentské volby USA 2024,/spolecenske-sazky-prezidentske-volby-usa-2024-4908797,101839,USA - Prezidentské volby USA 2024,3633,Politika,2024-11-05T11:00:00
2023-06-02 04:09:09.323567,5174127,Ekonomické události v roce 2023,/spolecenske-sazky-ekonomicke-udalosti-v-roce-2023-5174127,105343,Ekonomické sázky na rok 2023,3631,Finance,2023-06-05T20:00:00
2023-06-02 04:09:09.323567,5296418,Nejvyšší naměřená teplota v SR 1.7.-1.9.2023,/spolecenske-sazky-nejvyssi-namerena-teplota-v-sr-17-192023-5296418,102959,Počasí v SR 2023,191,Společenské sázky,2023-06-30T21:00:00
2023-06-02 04:09:09.323567,4901596,Ceny komodit a devizové kurzy,/spolecenske-sazky-ceny-komodit-a-devizove-kurzy-4901596,95954,Ceny komodit a devizové kurzy,3631,Finance,2023-06-05T13:00:00
2023-06-02 04:09:09.323567,5106494,Zlatý míč 2023,/spolecenske-sazky-zlaty-mic-2023-5106494,102958,Zlatý míč 2023,3634,Sportovní sázky,2023-10-01T18:00:00
2023-06-02 04:09:09.323567,5259903,Slovensko - první premiér s důvěrou NRSR po volbách,/spolecenske-sazky-slovensko-prvni-premier-s-duverou-nrsr-po-volbach-5259903,105903,Slovensko - parlamentní volby 2023,3633,Politika,2023-09-30T05:00:00
2023-06-02 04:09:09.323567,5269323,Slovensko - hlasování o vyslovení důvěry vládě,/spolecenske-sazky-slovensko-hlasovani-o-vysloveni-duvery-vlade-5269323,106824,Slovensko - hlasování o vyslovení důvěry vládě,3633,Politika,2023-06-05T08:00:00
2023-06-02 04:09:09.323567,4994063,Politické události v roce 2023,/spolecenske-sazky-politicke-udalosti-v-roce-2023-4994063,103485,Politické sázky na rok 2023,3633,Politika,2023-06-11T21:00:00
